order_id,order_date,region,product,category,sales_inr,profit_inr,quantity
ORD00001,2026-04-01,Bengaluru,Product_1,Medical Devices,2609.04,398.65,2
ORD00002,2026-04-02,Bengaluru,Product_2,OTC Medicines,2609.04,388.59,4
ORD00003,2026-04-03,Bengaluru,Product_3,Personal Care,2609.04,385.86,2
ORD00004,2026-04-04,Bengaluru,Product_4,Prescription Medicines,2609.04,395.17,4
ORD00005,2026-04-05,Bengaluru,Product_5,Wellness & Nutrition,2609.04,393.64,2
ORD00006,2026-04-06,Bengaluru,Product_6,Lab Tests,2609.04,386.99,4
ORD00007,2026-04-07,Bengaluru,Product_7,Medical Devices,2609.04,398.65,2
ORD00008,2026-04-08,Bengaluru,Product_8,OTC Medicines,2609.04,388.59,4
ORD00009,2026-04-09,Bengaluru,Product_9,Personal Care,2609.04,385.86,2
ORD00010,2026-04-10,Bengaluru,Product_10,Prescription Medicines,2609.04,395.17,4
ORD00011,2026-04-11,Bengaluru,Product_11,Wellness & Nutrition,2609.04,393.64,2
ORD00012,2026-04-12,Bengaluru,Product_12,Lab Tests,2609.04,386.99,4
ORD00013,2026-04-13,Bengaluru,Product_13,Medical Devices,2609.04,398.65,2
ORD00014,2026-04-14,Bengaluru,Product_14,OTC Medicines,2609.04,388.59,4
ORD00015,2026-04-15,Bengaluru,Product_15,Personal Care,2609.04,385.86,2
ORD00016,2026-04-16,Bengaluru,Product_16,Prescription Medicines,2609.04,395.17,4
ORD00017,2026-04-17,Bengaluru,Product_17,Wellness & Nutrition,2609.04,393.64,2
ORD00018,2026-04-18,Bengaluru,Product_18,Lab Tests,2609.04,386.99,4
ORD00019,2026-04-19,Bengaluru,Product_19,Medical Devices,2609.04,398.65,2
ORD00020,2026-04-20,Bengaluru,Product_20,OTC Medicines,2609.04,388.59,4
ORD00021,2026-04-21,Bengaluru,Product_21,Personal Care,2609.04,385.86,2
ORD00022,2026-04-22,Bengaluru,Product_22,Prescription Medicines,2609.04,395.17,4
ORD00023,2026-04-23,Bengaluru,Product_23,Wellness & Nutrition,2609.04,393.64,2
ORD00024,2026-04-24,Bengaluru,Product_24,Lab Tests,2609.04,386.99,4
ORD00025,2026-04-25,Bengaluru,Product_25,Medical Devices,2609.04,398.65,2
ORD00026,2026-04-26,Bengaluru,Product_26,OTC Medicines,2609.04,388.59,4
ORD00027,2026-04-27,Bengaluru,Product_27,Personal Care,2609.04,385.86,2
ORD00028,2026-04-28,Bengaluru,Product_28,Prescription Medicines,2609.04,395.17,4
ORD00029,2026-04-01,Bengaluru,Product_29,Wellness & Nutrition,2609.04,393.64,2
ORD00030,2026-04-02,Bengaluru,Product_30,Lab Tests,2609.04,386.99,4
ORD00031,2026-04-03,Bengaluru,Product_1,Medical Devices,2609.04,398.65,2
ORD00032,2026-04-04,Bengaluru,Product_2,OTC Medicines,2609.04,388.59,4
ORD00033,2026-04-05,Bengaluru,Product_3,Personal Care,2609.04,385.86,2
ORD00034,2026-04-06,Bengaluru,Product_4,Prescription Medicines,2609.04,395.17,4
ORD00035,2026-04-07,Bengaluru,Product_5,Wellness & Nutrition,2609.04,393.64,2
ORD00036,2026-04-08,Bengaluru,Product_6,Lab Tests,2609.04,386.99,4
ORD00037,2026-04-09,Bengaluru,Product_7,Medical Devices,2609.04,398.65,2
ORD00038,2026-04-10,Bengaluru,Product_8,OTC Medicines,2609.04,388.59,4
ORD00039,2026-04-11,Bengaluru,Product_9,Personal Care,2609.04,385.86,2
ORD00040,2026-04-12,Bengaluru,Product_10,Prescription Medicines,2609.04,395.17,4
ORD00041,2026-04-13,Bengaluru,Product_11,Wellness & Nutrition,2609.04,393.64,2
ORD00042,2026-04-14,Bengaluru,Product_12,Lab Tests,2609.04,386.99,4
ORD00043,2026-04-15,Bengaluru,Product_13,Medical Devices,2609.04,398.65,2
ORD00044,2026-04-16,Bengaluru,Product_14,OTC Medicines,2609.04,388.59,4
ORD00045,2026-04-17,Bengaluru,Product_15,Personal Care,2609.04,385.86,2
ORD00046,2026-04-18,Bengaluru,Product_16,Prescription Medicines,2609.04,395.17,4
ORD00047,2026-04-19,Bengaluru,Product_17,Wellness & Nutrition,2609.04,393.64,2
ORD00048,2026-04-20,Bengaluru,Product_18,Lab Tests,2609.04,386.99,4
ORD00049,2026-04-21,Bengaluru,Product_19,Medical Devices,2609.04,398.65,2
ORD00050,2026-04-22,Bengaluru,Product_20,OTC Medicines,2609.04,388.59,4
ORD00051,2026-04-23,Bengaluru,Product_21,Personal Care,2609.04,385.86,2
ORD00052,2026-04-24,Bengaluru,Product_22,Prescription Medicines,2609.04,395.17,4
ORD00053,2026-04-25,Bengaluru,Product_23,Wellness & Nutrition,2609.04,393.64,2
ORD00054,2026-04-26,Bengaluru,Product_24,Lab Tests,2609.04,386.99,4
ORD00055,2026-04-27,Bengaluru,Product_25,Medical Devices,2609.04,398.65,2
ORD00056,2026-04-28,Bengaluru,Product_26,OTC Medicines,2609.04,388.59,4
ORD00057,2026-04-01,Bengaluru,Product_27,Personal Care,2609.04,385.86,2
ORD00058,2026-04-02,Bengaluru,Product_28,Prescription Medicines,2609.04,395.17,4
ORD00059,2026-04-03,Bengaluru,Product_29,Wellness & Nutrition,2609.04,393.64,2
ORD00060,2026-04-04,Bengaluru,Product_30,Lab Tests,2609.04,386.99,4
ORD00061,2026-04-05,Bengaluru,Product_1,Medical Devices,2609.04,398.65,2
ORD00062,2026-04-06,Bengaluru,Product_2,OTC Medicines,2609.04,388.59,4
ORD00063,2026-04-07,Bengaluru,Product_3,Personal Care,2609.04,385.86,2
ORD00064,2026-04-08,Bengaluru,Product_4,Prescription Medicines,2609.04,395.17,4
ORD00065,2026-04-09,Bengaluru,Product_5,Wellness & Nutrition,2609.04,393.64,2
ORD00066,2026-04-10,Bengaluru,Product_6,Lab Tests,2609.04,386.99,4
ORD00067,2026-04-11,Bengaluru,Product_7,Medical Devices,2609.04,398.65,2
ORD00068,2026-04-12,Bengaluru,Product_8,OTC Medicines,2609.04,388.59,4
ORD00069,2026-04-13,Bengaluru,Product_9,Personal Care,2609.04,385.86,2
ORD00070,2026-04-14,Bengaluru,Product_10,Prescription Medicines,2609.04,395.17,4
ORD00071,2026-04-15,Bengaluru,Product_11,Wellness & Nutrition,2609.04,393.64,2
ORD00072,2026-04-16,Bengaluru,Product_12,Lab Tests,2609.04,386.99,4
ORD00073,2026-04-17,Bengaluru,Product_13,Medical Devices,2609.04,398.65,2
ORD00074,2026-04-18,Bengaluru,Product_14,OTC Medicines,2609.04,388.59,4
ORD00075,2026-04-19,Bengaluru,Product_15,Personal Care,2609.04,385.86,2
ORD00076,2026-04-20,Bengaluru,Product_16,Prescription Medicines,2609.04,395.17,4
ORD00077,2026-04-21,Bengaluru,Product_17,Wellness & Nutrition,2609.04,393.64,2
ORD00078,2026-04-22,Bengaluru,Product_18,Lab Tests,2609.4,387.05,4
ORD00079,2026-04-01,Guntur,Product_19,OTC Medicines,800.54,119.23,4
ORD00080,2026-04-02,Guntur,Product_20,Personal Care,800.54,118.39,2
ORD00081,2026-04-03,Guntur,Product_21,Prescription Medicines,800.54,121.25,4
ORD00082,2026-04-04,Guntur,Product_22,Wellness & Nutrition,800.54,120.78,2
ORD00083,2026-04-05,Guntur,Product_23,Lab Tests,800.54,118.74,4
ORD00084,2026-04-06,Guntur,Product_24,Medical Devices,800.54,122.32,2
ORD00085,2026-04-07,Guntur,Product_25,OTC Medicines,800.54,119.23,4
ORD00086,2026-04-08,Guntur,Product_26,Personal Care,800.54,118.39,2
ORD00087,2026-04-09,Guntur,Product_27,Prescription Medicines,800.54,121.25,4
ORD00088,2026-04-10,Guntur,Product_28,Wellness & Nutrition,800.54,120.78,2
ORD00089,2026-04-11,Guntur,Product_29,Lab Tests,800.54,118.74,4
ORD00090,2026-04-12,Guntur,Product_30,Medical Devices,800.54,122.32,2
ORD00091,2026-04-13,Guntur,Product_1,OTC Medicines,800.54,119.23,4
ORD00092,2026-04-14,Guntur,Product_2,Personal Care,800.54,118.39,2
ORD00093,2026-04-15,Guntur,Product_3,Prescription Medicines,800.54,121.25,4
ORD00094,2026-04-16,Guntur,Product_4,Wellness & Nutrition,800.54,120.78,2
ORD00095,2026-04-17,Guntur,Product_5,Lab Tests,800.54,118.74,4
ORD00096,2026-04-18,Guntur,Product_6,Medical Devices,800.54,122.32,2
ORD00097,2026-04-19,Guntur,Product_7,OTC Medicines,800.54,119.23,4
ORD00098,2026-04-20,Guntur,Product_8,Personal Care,800.54,118.39,2
ORD00099,2026-04-21,Guntur,Product_9,Prescription Medicines,800.54,121.25,4
ORD00100,2026-04-22,Guntur,Product_10,Wellness & Nutrition,800.54,120.78,2
ORD00101,2026-04-23,Guntur,Product_11,Lab Tests,800.54,118.74,4
ORD00102,2026-04-24,Guntur,Product_12,Medical Devices,800.54,122.32,2
ORD00103,2026-04-25,Guntur,Product_13,OTC Medicines,800.54,119.23,4
ORD00104,2026-04-26,Guntur,Product_14,Personal Care,800.54,118.39,2
ORD00105,2026-04-27,Guntur,Product_15,Prescription Medicines,800.54,121.25,4
ORD00106,2026-04-28,Guntur,Product_16,Wellness & Nutrition,800.54,120.78,2
ORD00107,2026-04-01,Guntur,Product_17,Lab Tests,800.54,118.74,4
ORD00108,2026-04-02,Guntur,Product_18,Medical Devices,800.54,122.32,2
ORD00109,2026-04-03,Guntur,Product_19,OTC Medicines,800.54,119.23,4
ORD00110,2026-04-04,Guntur,Product_20,Personal Care,800.54,118.39,2
ORD00111,2026-04-05,Guntur,Product_21,Prescription Medicines,800.54,121.25,4
ORD00112,2026-04-06,Guntur,Product_22,Wellness & Nutrition,800.54,120.78,2
ORD00113,2026-04-07,Guntur,Product_23,Lab Tests,800.54,118.74,4
ORD00114,2026-04-08,Guntur,Product_24,Medical Devices,800.54,122.32,2
ORD00115,2026-04-09,Guntur,Product_25,OTC Medicines,800.54,119.23,4
ORD00116,2026-04-10,Guntur,Product_26,Personal Care,800.54,118.39,2
ORD00117,2026-04-11,Guntur,Product_27,Prescription Medicines,800.54,121.25,4
ORD00118,2026-04-12,Guntur,Product_28,Wellness & Nutrition,800.54,120.78,2
ORD00119,2026-04-13,Guntur,Product_29,Lab Tests,800.54,118.74,4
ORD00120,2026-04-14,Guntur,Product_30,Medical Devices,800.54,122.32,2
ORD00121,2026-04-15,Guntur,Product_1,OTC Medicines,800.54,119.23,4
ORD00122,2026-04-16,Guntur,Product_2,Personal Care,800.54,118.39,2
ORD00123,2026-04-17,Guntur,Product_3,Prescription Medicines,800.54,121.25,4
ORD00124,2026-04-18,Guntur,Product_4,Wellness & Nutrition,800.54,120.78,2
ORD00125,2026-04-19,Guntur,Product_5,Lab Tests,800.54,118.74,4
ORD00126,2026-04-20,Guntur,Product_6,Medical Devices,800.54,122.32,2
ORD00127,2026-04-21,Guntur,Product_7,OTC Medicines,800.54,119.23,4
ORD00128,2026-04-22,Guntur,Product_8,Personal Care,800.54,118.39,2
ORD00129,2026-04-23,Guntur,Product_9,Prescription Medicines,800.54,121.25,4
ORD00130,2026-04-24,Guntur,Product_10,Wellness & Nutrition,800.54,120.78,2
ORD00131,2026-04-25,Guntur,Product_11,Lab Tests,800.54,118.74,4
ORD00132,2026-04-26,Guntur,Product_12,Medical Devices,800.54,122.32,2
ORD00133,2026-04-27,Guntur,Product_13,OTC Medicines,800.54,119.23,4
ORD00134,2026-04-28,Guntur,Product_14,Personal Care,800.54,118.39,2
ORD00135,2026-04-01,Guntur,Product_15,Prescription Medicines,800.54,121.25,4
ORD00136,2026-04-02,Guntur,Product_16,Wellness & Nutrition,800.54,120.78,2
ORD00137,2026-04-03,Guntur,Product_17,Lab Tests,800.54,118.74,4
ORD00138,2026-04-04,Guntur,Product_18,Medical Devices,800.54,122.32,2
ORD00139,2026-04-05,Guntur,Product_19,OTC Medicines,800.54,119.23,4
ORD00140,2026-04-06,Guntur,Product_20,Personal Care,800.54,118.39,2
ORD00141,2026-04-07,Guntur,Product_21,Prescription Medicines,800.54,121.25,4
ORD00142,2026-04-08,Guntur,Product_22,Wellness & Nutrition,800.54,120.78,2
ORD00143,2026-04-09,Guntur,Product_23,Lab Tests,800.54,118.74,4
ORD00144,2026-04-10,Guntur,Product_24,Medical Devices,800.54,122.32,2
ORD00145,2026-04-11,Guntur,Product_25,OTC Medicines,800.54,119.23,4
ORD00146,2026-04-12,Guntur,Product_26,Personal Care,800.54,118.39,2
ORD00147,2026-04-13,Guntur,Product_27,Prescription Medicines,800.54,121.25,4
ORD00148,2026-04-14,Guntur,Product_28,Wellness & Nutrition,800.54,120.78,2
ORD00149,2026-04-15,Guntur,Product_29,Lab Tests,800.54,118.74,4
ORD00150,2026-04-16,Guntur,Product_30,Medical Devices,800.54,122.32,2
ORD00151,2026-04-17,Guntur,Product_1,OTC Medicines,800.54,119.23,4
ORD00152,2026-04-18,Guntur,Product_2,Personal Care,800.54,118.39,2
ORD00153,2026-04-19,Guntur,Product_3,Prescription Medicines,800.54,121.25,4
ORD00154,2026-04-20,Guntur,Product_4,Wellness & Nutrition,800.54,120.78,2
ORD00155,2026-04-21,Guntur,Product_5,Lab Tests,800.54,118.74,4
ORD00156,2026-04-22,Guntur,Product_6,Medical Devices,800.69,122.34,2
ORD00157,2026-04-01,Hyderabad,Product_7,Personal Care,2688.08,397.55,2
ORD00158,2026-04-02,Hyderabad,Product_8,Prescription Medicines,2688.08,407.14,4
ORD00159,2026-04-03,Hyderabad,Product_9,Wellness & Nutrition,2688.08,405.57,2
ORD00160,2026-04-04,Hyderabad,Product_10,Lab Tests,2688.08,398.72,4
ORD00161,2026-04-05,Hyderabad,Product_11,Medical Devices,2688.08,410.73,2
ORD00162,2026-04-06,Hyderabad,Product_12,OTC Medicines,2688.08,400.36,4
ORD00163,2026-04-07,Hyderabad,Product_13,Personal Care,2688.08,397.55,2
ORD00164,2026-04-08,Hyderabad,Product_14,Prescription Medicines,2688.08,407.14,4
ORD00165,2026-04-09,Hyderabad,Product_15,Wellness & Nutrition,2688.08,405.57,2
ORD00166,2026-04-10,Hyderabad,Product_16,Lab Tests,2688.08,398.72,4
ORD00167,2026-04-11,Hyderabad,Product_17,Medical Devices,2688.08,410.73,2
ORD00168,2026-04-12,Hyderabad,Product_18,OTC Medicines,2688.08,400.36,4
ORD00169,2026-04-13,Hyderabad,Product_19,Personal Care,2688.08,397.55,2
ORD00170,2026-04-14,Hyderabad,Product_20,Prescription Medicines,2688.08,407.14,4
ORD00171,2026-04-15,Hyderabad,Product_21,Wellness & Nutrition,2688.08,405.57,2
ORD00172,2026-04-16,Hyderabad,Product_22,Lab Tests,2688.08,398.72,4
ORD00173,2026-04-17,Hyderabad,Product_23,Medical Devices,2688.08,410.73,2
ORD00174,2026-04-18,Hyderabad,Product_24,OTC Medicines,2688.08,400.36,4
ORD00175,2026-04-19,Hyderabad,Product_25,Personal Care,2688.08,397.55,2
ORD00176,2026-04-20,Hyderabad,Product_26,Prescription Medicines,2688.08,407.14,4
ORD00177,2026-04-21,Hyderabad,Product_27,Wellness & Nutrition,2688.08,405.57,2
ORD00178,2026-04-22,Hyderabad,Product_28,Lab Tests,2688.08,398.72,4
ORD00179,2026-04-23,Hyderabad,Product_29,Medical Devices,2688.08,410.73,2
ORD00180,2026-04-24,Hyderabad,Product_30,OTC Medicines,2688.08,400.36,4
ORD00181,2026-04-25,Hyderabad,Product_1,Personal Care,2688.08,397.55,2
ORD00182,2026-04-26,Hyderabad,Product_2,Prescription Medicines,2688.08,407.14,4
ORD00183,2026-04-27,Hyderabad,Product_3,Wellness & Nutrition,2688.08,405.57,2
ORD00184,2026-04-28,Hyderabad,Product_4,Lab Tests,2688.08,398.72,4
ORD00185,2026-04-01,Hyderabad,Product_5,Medical Devices,2688.08,410.73,2
ORD00186,2026-04-02,Hyderabad,Product_6,OTC Medicines,2688.08,400.36,4
ORD00187,2026-04-03,Hyderabad,Product_7,Personal Care,2688.08,397.55,2
ORD00188,2026-04-04,Hyderabad,Product_8,Prescription Medicines,2688.08,407.14,4
ORD00189,2026-04-05,Hyderabad,Product_9,Wellness & Nutrition,2688.08,405.57,2
ORD00190,2026-04-06,Hyderabad,Product_10,Lab Tests,2688.08,398.72,4
ORD00191,2026-04-07,Hyderabad,Product_11,Medical Devices,2688.08,410.73,2
ORD00192,2026-04-08,Hyderabad,Product_12,OTC Medicines,2688.08,400.36,4
ORD00193,2026-04-09,Hyderabad,Product_13,Personal Care,2688.08,397.55,2
ORD00194,2026-04-10,Hyderabad,Product_14,Prescription Medicines,2688.08,407.14,4
ORD00195,2026-04-11,Hyderabad,Product_15,Wellness & Nutrition,2688.08,405.57,2
ORD00196,2026-04-12,Hyderabad,Product_16,Lab Tests,2688.08,398.72,4
ORD00197,2026-04-13,Hyderabad,Product_17,Medical Devices,2688.08,410.73,2
ORD00198,2026-04-14,Hyderabad,Product_18,OTC Medicines,2688.08,400.36,4
ORD00199,2026-04-15,Hyderabad,Product_19,Personal Care,2688.08,397.55,2
ORD00200,2026-04-16,Hyderabad,Product_20,Prescription Medicines,2688.08,407.14,4
ORD00201,2026-04-17,Hyderabad,Product_21,Wellness & Nutrition,2688.08,405.57,2
ORD00202,2026-04-18,Hyderabad,Product_22,Lab Tests,2688.08,398.72,4
ORD00203,2026-04-19,Hyderabad,Product_23,Medical Devices,2688.08,410.73,2
ORD00204,2026-04-20,Hyderabad,Product_24,OTC Medicines,2688.08,400.36,4
ORD00205,2026-04-21,Hyderabad,Product_25,Personal Care,2688.08,397.55,2
ORD00206,2026-04-22,Hyderabad,Product_26,Prescription Medicines,2688.08,407.14,4
ORD00207,2026-04-23,Hyderabad,Product_27,Wellness & Nutrition,2688.08,405.57,2
ORD00208,2026-04-24,Hyderabad,Product_28,Lab Tests,2688.08,398.72,4
ORD00209,2026-04-25,Hyderabad,Product_29,Medical Devices,2688.08,410.73,2
ORD00210,2026-04-26,Hyderabad,Product_30,OTC Medicines,2688.08,400.36,4
ORD00211,2026-04-27,Hyderabad,Product_1,Personal Care,2688.08,397.55,2
ORD00212,2026-04-28,Hyderabad,Product_2,Prescription Medicines,2688.08,407.14,4
ORD00213,2026-04-01,Hyderabad,Product_3,Wellness & Nutrition,2688.08,405.57,2
ORD00214,2026-04-02,Hyderabad,Product_4,Lab Tests,2688.08,398.72,4
ORD00215,2026-04-03,Hyderabad,Product_5,Medical Devices,2688.08,410.73,2
ORD00216,2026-04-04,Hyderabad,Product_6,OTC Medicines,2688.08,400.36,4
ORD00217,2026-04-05,Hyderabad,Product_7,Personal Care,2688.08,397.55,2
ORD00218,2026-04-06,Hyderabad,Product_8,Prescription Medicines,2688.08,407.14,4
ORD00219,2026-04-07,Hyderabad,Product_9,Wellness & Nutrition,2688.08,405.57,2
ORD00220,2026-04-08,Hyderabad,Product_10,Lab Tests,2688.08,398.72,4
ORD00221,2026-04-09,Hyderabad,Product_11,Medical Devices,2688.08,410.73,2
ORD00222,2026-04-10,Hyderabad,Product_12,OTC Medicines,2688.08,400.36,4
ORD00223,2026-04-11,Hyderabad,Product_13,Personal Care,2688.08,397.55,2
ORD00224,2026-04-12,Hyderabad,Product_14,Prescription Medicines,2688.08,407.14,4
ORD00225,2026-04-13,Hyderabad,Product_15,Wellness & Nutrition,2688.08,405.57,2
ORD00226,2026-04-14,Hyderabad,Product_16,Lab Tests,2688.08,398.72,4
ORD00227,2026-04-15,Hyderabad,Product_17,Medical Devices,2688.08,410.73,2
ORD00228,2026-04-16,Hyderabad,Product_18,OTC Medicines,2688.08,400.36,4
ORD00229,2026-04-17,Hyderabad,Product_19,Personal Care,2688.08,397.55,2
ORD00230,2026-04-18,Hyderabad,Product_20,Prescription Medicines,2688.08,407.14,4
ORD00231,2026-04-19,Hyderabad,Product_21,Wellness & Nutrition,2688.08,405.57,2
ORD00232,2026-04-20,Hyderabad,Product_22,Lab Tests,2688.08,398.72,4
ORD00233,2026-04-21,Hyderabad,Product_23,Medical Devices,2688.08,410.73,2
ORD00234,2026-04-22,Hyderabad,Product_24,OTC Medicines,2687.99,400.34,4
ORD00235,2026-04-01,Karimnagar,Product_25,Prescription Medicines,638.66,96.73,4
ORD00236,2026-04-02,Karimnagar,Product_26,Wellness & Nutrition,638.66,96.36,2
ORD00237,2026-04-03,Karimnagar,Product_27,Lab Tests,638.66,94.73,4
ORD00238,2026-04-04,Karimnagar,Product_28,Medical Devices,638.66,97.58,2
ORD00239,2026-04-05,Karimnagar,Product_29,OTC Medicines,638.66,95.12,4
ORD00240,2026-04-06,Karimnagar,Product_30,Personal Care,638.66,94.45,2
ORD00241,2026-04-07,Karimnagar,Product_1,Prescription Medicines,638.66,96.73,4
ORD00242,2026-04-08,Karimnagar,Product_2,Wellness & Nutrition,638.66,96.36,2
ORD00243,2026-04-09,Karimnagar,Product_3,Lab Tests,638.66,94.73,4
ORD00244,2026-04-10,Karimnagar,Product_4,Medical Devices,638.66,97.58,2
ORD00245,2026-04-11,Karimnagar,Product_5,OTC Medicines,638.66,95.12,4
ORD00246,2026-04-12,Karimnagar,Product_6,Personal Care,638.66,94.45,2
ORD00247,2026-04-13,Karimnagar,Product_7,Prescription Medicines,638.66,96.73,4
ORD00248,2026-04-14,Karimnagar,Product_8,Wellness & Nutrition,638.66,96.36,2
ORD00249,2026-04-15,Karimnagar,Product_9,Lab Tests,638.66,94.73,4
ORD00250,2026-04-16,Karimnagar,Product_10,Medical Devices,638.66,97.58,2
ORD00251,2026-04-17,Karimnagar,Product_11,OTC Medicines,638.66,95.12,4
ORD00252,2026-04-18,Karimnagar,Product_12,Personal Care,638.66,94.45,2
ORD00253,2026-04-19,Karimnagar,Product_13,Prescription Medicines,638.66,96.73,4
ORD00254,2026-04-20,Karimnagar,Product_14,Wellness & Nutrition,638.66,96.36,2
ORD00255,2026-04-21,Karimnagar,Product_15,Lab Tests,638.66,94.73,4
ORD00256,2026-04-22,Karimnagar,Product_16,Medical Devices,638.66,97.58,2
ORD00257,2026-04-23,Karimnagar,Product_17,OTC Medicines,638.66,95.12,4
ORD00258,2026-04-24,Karimnagar,Product_18,Personal Care,638.66,94.45,2
ORD00259,2026-04-25,Karimnagar,Product_19,Prescription Medicines,638.66,96.73,4
ORD00260,2026-04-26,Karimnagar,Product_20,Wellness & Nutrition,638.66,96.36,2
ORD00261,2026-04-27,Karimnagar,Product_21,Lab Tests,638.66,94.73,4
ORD00262,2026-04-28,Karimnagar,Product_22,Medical Devices,638.66,97.58,2
ORD00263,2026-04-01,Karimnagar,Product_23,OTC Medicines,638.66,95.12,4
ORD00264,2026-04-02,Karimnagar,Product_24,Personal Care,638.66,94.45,2
ORD00265,2026-04-03,Karimnagar,Product_25,Prescription Medicines,638.66,96.73,4
ORD00266,2026-04-04,Karimnagar,Product_26,Wellness & Nutrition,638.66,96.36,2
ORD00267,2026-04-05,Karimnagar,Product_27,Lab Tests,638.66,94.73,4
ORD00268,2026-04-06,Karimnagar,Product_28,Medical Devices,638.66,97.58,2
ORD00269,2026-04-07,Karimnagar,Product_29,OTC Medicines,638.66,95.12,4
ORD00270,2026-04-08,Karimnagar,Product_30,Personal Care,638.66,94.45,2
ORD00271,2026-04-09,Karimnagar,Product_1,Prescription Medicines,638.66,96.73,4
ORD00272,2026-04-10,Karimnagar,Product_2,Wellness & Nutrition,638.66,96.36,2
ORD00273,2026-04-11,Karimnagar,Product_3,Lab Tests,638.66,94.73,4
ORD00274,2026-04-12,Karimnagar,Product_4,Medical Devices,638.66,97.58,2
ORD00275,2026-04-13,Karimnagar,Product_5,OTC Medicines,638.66,95.12,4
ORD00276,2026-04-14,Karimnagar,Product_6,Personal Care,638.66,94.45,2
ORD00277,2026-04-15,Karimnagar,Product_7,Prescription Medicines,638.66,96.73,4
ORD00278,2026-04-16,Karimnagar,Product_8,Wellness & Nutrition,638.66,96.36,2
ORD00279,2026-04-17,Karimnagar,Product_9,Lab Tests,638.66,94.73,4
ORD00280,2026-04-18,Karimnagar,Product_10,Medical Devices,638.66,97.58,2
ORD00281,2026-04-19,Karimnagar,Product_11,OTC Medicines,638.66,95.12,4
ORD00282,2026-04-20,Karimnagar,Product_12,Personal Care,638.66,94.45,2
ORD00283,2026-04-21,Karimnagar,Product_13,Prescription Medicines,638.66,96.73,4
ORD00284,2026-04-22,Karimnagar,Product_14,Wellness & Nutrition,638.66,96.36,2
ORD00285,2026-04-23,Karimnagar,Product_15,Lab Tests,638.66,94.73,4
ORD00286,2026-04-24,Karimnagar,Product_16,Medical Devices,638.66,97.58,2
ORD00287,2026-04-25,Karimnagar,Product_17,OTC Medicines,638.66,95.12,4
ORD00288,2026-04-26,Karimnagar,Product_18,Personal Care,638.66,94.45,2
ORD00289,2026-04-27,Karimnagar,Product_19,Prescription Medicines,638.66,96.73,4
ORD00290,2026-04-28,Karimnagar,Product_20,Wellness & Nutrition,638.66,96.36,2
ORD00291,2026-04-01,Karimnagar,Product_21,Lab Tests,638.66,94.73,4
ORD00292,2026-04-02,Karimnagar,Product_22,Medical Devices,638.66,97.58,2
ORD00293,2026-04-03,Karimnagar,Product_23,OTC Medicines,638.66,95.12,4
ORD00294,2026-04-04,Karimnagar,Product_24,Personal Care,638.66,94.45,2
ORD00295,2026-04-05,Karimnagar,Product_25,Prescription Medicines,638.66,96.73,4
ORD00296,2026-04-06,Karimnagar,Product_26,Wellness & Nutrition,638.66,96.36,2
ORD00297,2026-04-07,Karimnagar,Product_27,Lab Tests,638.66,94.73,4
ORD00298,2026-04-08,Karimnagar,Product_28,Medical Devices,638.66,97.58,2
ORD00299,2026-04-09,Karimnagar,Product_29,OTC Medicines,638.66,95.12,4
ORD00300,2026-04-10,Karimnagar,Product_30,Personal Care,638.66,94.45,2
ORD00301,2026-04-11,Karimnagar,Product_1,Prescription Medicines,638.66,96.73,4
ORD00302,2026-04-12,Karimnagar,Product_2,Wellness & Nutrition,638.66,96.36,2
ORD00303,2026-04-13,Karimnagar,Product_3,Lab Tests,638.66,94.73,4
ORD00304,2026-04-14,Karimnagar,Product_4,Medical Devices,638.66,97.58,2
ORD00305,2026-04-15,Karimnagar,Product_5,OTC Medicines,638.66,95.12,4
ORD00306,2026-04-16,Karimnagar,Product_6,Personal Care,638.66,94.45,2
ORD00307,2026-04-17,Karimnagar,Product_7,Prescription Medicines,638.66,96.73,4
ORD00308,2026-04-18,Karimnagar,Product_8,Wellness & Nutrition,638.66,96.36,2
ORD00309,2026-04-19,Karimnagar,Product_9,Lab Tests,638.66,94.73,4
ORD00310,2026-04-20,Karimnagar,Product_10,Medical Devices,638.66,97.58,2
ORD00311,2026-04-21,Karimnagar,Product_11,OTC Medicines,638.66,95.12,4
ORD00312,2026-04-22,Karimnagar,Product_12,Personal Care,638.89,94.49,2
ORD00313,2026-04-01,Nellore,Product_13,Wellness & Nutrition,1097.73,165.62,2
ORD00314,2026-04-02,Nellore,Product_14,Lab Tests,1097.73,162.82,4
ORD00315,2026-04-03,Nellore,Product_15,Medical Devices,1097.73,167.73,2
ORD00316,2026-04-04,Nellore,Product_16,OTC Medicines,1097.73,163.49,4
ORD00317,2026-04-05,Nellore,Product_17,Personal Care,1097.73,162.35,2
ORD00318,2026-04-06,Nellore,Product_18,Prescription Medicines,1097.73,166.27,4
ORD00319,2026-04-07,Nellore,Product_19,Wellness & Nutrition,1097.73,165.62,2
ORD00320,2026-04-08,Nellore,Product_20,Lab Tests,1097.73,162.82,4
ORD00321,2026-04-09,Nellore,Product_21,Medical Devices,1097.73,167.73,2
ORD00322,2026-04-10,Nellore,Product_22,OTC Medicines,1097.73,163.49,4
ORD00323,2026-04-11,Nellore,Product_23,Personal Care,1097.73,162.35,2
ORD00324,2026-04-12,Nellore,Product_24,Prescription Medicines,1097.73,166.27,4
ORD00325,2026-04-13,Nellore,Product_25,Wellness & Nutrition,1097.73,165.62,2
ORD00326,2026-04-14,Nellore,Product_26,Lab Tests,1097.73,162.82,4
ORD00327,2026-04-15,Nellore,Product_27,Medical Devices,1097.73,167.73,2
ORD00328,2026-04-16,Nellore,Product_28,OTC Medicines,1097.73,163.49,4
ORD00329,2026-04-17,Nellore,Product_29,Personal Care,1097.73,162.35,2
ORD00330,2026-04-18,Nellore,Product_30,Prescription Medicines,1097.73,166.27,4
ORD00331,2026-04-19,Nellore,Product_1,Wellness & Nutrition,1097.73,165.62,2
ORD00332,2026-04-20,Nellore,Product_2,Lab Tests,1097.73,162.82,4
ORD00333,2026-04-21,Nellore,Product_3,Medical Devices,1097.73,167.73,2
ORD00334,2026-04-22,Nellore,Product_4,OTC Medicines,1097.73,163.49,4
ORD00335,2026-04-23,Nellore,Product_5,Personal Care,1097.73,162.35,2
ORD00336,2026-04-24,Nellore,Product_6,Prescription Medicines,1097.73,166.27,4
ORD00337,2026-04-25,Nellore,Product_7,Wellness & Nutrition,1097.73,165.62,2
ORD00338,2026-04-26,Nellore,Product_8,Lab Tests,1097.73,162.82,4
ORD00339,2026-04-27,Nellore,Product_9,Medical Devices,1097.73,167.73,2
ORD00340,2026-04-28,Nellore,Product_10,OTC Medicines,1097.73,163.49,4
ORD00341,2026-04-01,Nellore,Product_11,Personal Care,1097.73,162.35,2
ORD00342,2026-04-02,Nellore,Product_12,Prescription Medicines,1097.73,166.27,4
ORD00343,2026-04-03,Nellore,Product_13,Wellness & Nutrition,1097.73,165.62,2
ORD00344,2026-04-04,Nellore,Product_14,Lab Tests,1097.73,162.82,4
ORD00345,2026-04-05,Nellore,Product_15,Medical Devices,1097.73,167.73,2
ORD00346,2026-04-06,Nellore,Product_16,OTC Medicines,1097.73,163.49,4
ORD00347,2026-04-07,Nellore,Product_17,Personal Care,1097.73,162.35,2
ORD00348,2026-04-08,Nellore,Product_18,Prescription Medicines,1097.73,166.27,4
ORD00349,2026-04-09,Nellore,Product_19,Wellness & Nutrition,1097.73,165.62,2
ORD00350,2026-04-10,Nellore,Product_20,Lab Tests,1097.73,162.82,4
ORD00351,2026-04-11,Nellore,Product_21,Medical Devices,1097.73,167.73,2
ORD00352,2026-04-12,Nellore,Product_22,OTC Medicines,1097.73,163.49,4
ORD00353,2026-04-13,Nellore,Product_23,Personal Care,1097.73,162.35,2
ORD00354,2026-04-14,Nellore,Product_24,Prescription Medicines,1097.73,166.27,4
ORD00355,2026-04-15,Nellore,Product_25,Wellness & Nutrition,1097.73,165.62,2
ORD00356,2026-04-16,Nellore,Product_26,Lab Tests,1097.73,162.82,4
ORD00357,2026-04-17,Nellore,Product_27,Medical Devices,1097.73,167.73,2
ORD00358,2026-04-18,Nellore,Product_28,OTC Medicines,1097.73,163.49,4
ORD00359,2026-04-19,Nellore,Product_29,Personal Care,1097.73,162.35,2
ORD00360,2026-04-20,Nellore,Product_30,Prescription Medicines,1097.73,166.27,4
ORD00361,2026-04-21,Nellore,Product_1,Wellness & Nutrition,1097.73,165.62,2
ORD00362,2026-04-22,Nellore,Product_2,Lab Tests,1097.73,162.82,4
ORD00363,2026-04-23,Nellore,Product_3,Medical Devices,1097.73,167.73,2
ORD00364,2026-04-24,Nellore,Product_4,OTC Medicines,1097.73,163.49,4
ORD00365,2026-04-25,Nellore,Product_5,Personal Care,1097.73,162.35,2
ORD00366,2026-04-26,Nellore,Product_6,Prescription Medicines,1097.73,166.27,4
ORD00367,2026-04-27,Nellore,Product_7,Wellness & Nutrition,1097.73,165.62,2
ORD00368,2026-04-28,Nellore,Product_8,Lab Tests,1097.73,162.82,4
ORD00369,2026-04-01,Nellore,Product_9,Medical Devices,1097.73,167.73,2
ORD00370,2026-04-02,Nellore,Product_10,OTC Medicines,1097.73,163.49,4
ORD00371,2026-04-03,Nellore,Product_11,Personal Care,1097.73,162.35,2
ORD00372,2026-04-04,Nellore,Product_12,Prescription Medicines,1097.73,166.27,4
ORD00373,2026-04-05,Nellore,Product_13,Wellness & Nutrition,1097.73,165.62,2
ORD00374,2026-04-06,Nellore,Product_14,Lab Tests,1097.73,162.82,4
ORD00375,2026-04-07,Nellore,Product_15,Medical Devices,1097.73,167.73,2
ORD00376,2026-04-08,Nellore,Product_16,OTC Medicines,1097.73,163.49,4
ORD00377,2026-04-09,Nellore,Product_17,Personal Care,1097.73,162.35,2
ORD00378,2026-04-10,Nellore,Product_18,Prescription Medicines,1097.73,166.27,4
ORD00379,2026-04-11,Nellore,Product_19,Wellness & Nutrition,1097.73,165.62,2
ORD00380,2026-04-12,Nellore,Product_20,Lab Tests,1097.73,162.82,4
ORD00381,2026-04-13,Nellore,Product_21,Medical Devices,1097.73,167.73,2
ORD00382,2026-04-14,Nellore,Product_22,OTC Medicines,1097.73,163.49,4
ORD00383,2026-04-15,Nellore,Product_23,Personal Care,1097.73,162.35,2
ORD00384,2026-04-16,Nellore,Product_24,Prescription Medicines,1097.73,166.27,4
ORD00385,2026-04-17,Nellore,Product_25,Wellness & Nutrition,1097.73,165.62,2
ORD00386,2026-04-18,Nellore,Product_26,Lab Tests,1097.73,162.82,4
ORD00387,2026-04-19,Nellore,Product_27,Medical Devices,1097.73,167.73,2
ORD00388,2026-04-20,Nellore,Product_28,OTC Medicines,1097.73,163.49,4
ORD00389,2026-04-21,Nellore,Product_29,Personal Care,1097.73,162.35,2
ORD00390,2026-04-22,Nellore,Product_30,Prescription Medicines,1097.98,166.3,4
ORD00391,2026-04-01,Tirupati,Product_1,Lab Tests,699.78,103.8,4
ORD00392,2026-04-02,Tirupati,Product_2,Medical Devices,699.78,106.92,2
ORD00393,2026-04-03,Tirupati,Product_3,OTC Medicines,699.78,104.22,4
ORD00394,2026-04-04,Tirupati,Product_4,Personal Care,699.78,103.49,2
ORD00395,2026-04-05,Tirupati,Product_5,Prescription Medicines,699.78,105.99,4
ORD00396,2026-04-06,Tirupati,Product_6,Wellness & Nutrition,699.78,105.58,2
ORD00397,2026-04-07,Tirupati,Product_7,Lab Tests,699.78,103.8,4
ORD00398,2026-04-08,Tirupati,Product_8,Medical Devices,699.78,106.92,2
ORD00399,2026-04-09,Tirupati,Product_9,OTC Medicines,699.78,104.22,4
ORD00400,2026-04-10,Tirupati,Product_10,Personal Care,699.78,103.49,2
ORD00401,2026-04-11,Tirupati,Product_11,Prescription Medicines,699.78,105.99,4
ORD00402,2026-04-12,Tirupati,Product_12,Wellness & Nutrition,699.78,105.58,2
ORD00403,2026-04-13,Tirupati,Product_13,Lab Tests,699.78,103.8,4
ORD00404,2026-04-14,Tirupati,Product_14,Medical Devices,699.78,106.92,2
ORD00405,2026-04-15,Tirupati,Product_15,OTC Medicines,699.78,104.22,4
ORD00406,2026-04-16,Tirupati,Product_16,Personal Care,699.78,103.49,2
ORD00407,2026-04-17,Tirupati,Product_17,Prescription Medicines,699.78,105.99,4
ORD00408,2026-04-18,Tirupati,Product_18,Wellness & Nutrition,699.78,105.58,2
ORD00409,2026-04-19,Tirupati,Product_19,Lab Tests,699.78,103.8,4
ORD00410,2026-04-20,Tirupati,Product_20,Medical Devices,699.78,106.92,2
ORD00411,2026-04-21,Tirupati,Product_21,OTC Medicines,699.78,104.22,4
ORD00412,2026-04-22,Tirupati,Product_22,Personal Care,699.78,103.49,2
ORD00413,2026-04-23,Tirupati,Product_23,Prescription Medicines,699.78,105.99,4
ORD00414,2026-04-24,Tirupati,Product_24,Wellness & Nutrition,699.78,105.58,2
ORD00415,2026-04-25,Tirupati,Product_25,Lab Tests,699.78,103.8,4
ORD00416,2026-04-26,Tirupati,Product_26,Medical Devices,699.78,106.92,2
ORD00417,2026-04-27,Tirupati,Product_27,OTC Medicines,699.78,104.22,4
ORD00418,2026-04-28,Tirupati,Product_28,Personal Care,699.78,103.49,2
ORD00419,2026-04-01,Tirupati,Product_29,Prescription Medicines,699.78,105.99,4
ORD00420,2026-04-02,Tirupati,Product_30,Wellness & Nutrition,699.78,105.58,2
ORD00421,2026-04-03,Tirupati,Product_1,Lab Tests,699.78,103.8,4
ORD00422,2026-04-04,Tirupati,Product_2,Medical Devices,699.78,106.92,2
ORD00423,2026-04-05,Tirupati,Product_3,OTC Medicines,699.78,104.22,4
ORD00424,2026-04-06,Tirupati,Product_4,Personal Care,699.78,103.49,2
ORD00425,2026-04-07,Tirupati,Product_5,Prescription Medicines,699.78,105.99,4
ORD00426,2026-04-08,Tirupati,Product_6,Wellness & Nutrition,699.78,105.58,2
ORD00427,2026-04-09,Tirupati,Product_7,Lab Tests,699.78,103.8,4
ORD00428,2026-04-10,Tirupati,Product_8,Medical Devices,699.78,106.92,2
ORD00429,2026-04-11,Tirupati,Product_9,OTC Medicines,699.78,104.22,4
ORD00430,2026-04-12,Tirupati,Product_10,Personal Care,699.78,103.49,2
ORD00431,2026-04-13,Tirupati,Product_11,Prescription Medicines,699.78,105.99,4
ORD00432,2026-04-14,Tirupati,Product_12,Wellness & Nutrition,699.78,105.58,2
ORD00433,2026-04-15,Tirupati,Product_13,Lab Tests,699.78,103.8,4
ORD00434,2026-04-16,Tirupati,Product_14,Medical Devices,699.78,106.92,2
ORD00435,2026-04-17,Tirupati,Product_15,OTC Medicines,699.78,104.22,4
ORD00436,2026-04-18,Tirupati,Product_16,Personal Care,699.78,103.49,2
ORD00437,2026-04-19,Tirupati,Product_17,Prescription Medicines,699.78,105.99,4
ORD00438,2026-04-20,Tirupati,Product_18,Wellness & Nutrition,699.78,105.58,2
ORD00439,2026-04-21,Tirupati,Product_19,Lab Tests,699.78,103.8,4
ORD00440,2026-04-22,Tirupati,Product_20,Medical Devices,699.78,106.92,2
ORD00441,2026-04-23,Tirupati,Product_21,OTC Medicines,699.78,104.22,4
ORD00442,2026-04-24,Tirupati,Product_22,Personal Care,699.78,103.49,2
ORD00443,2026-04-25,Tirupati,Product_23,Prescription Medicines,699.78,105.99,4
ORD00444,2026-04-26,Tirupati,Product_24,Wellness & Nutrition,699.78,105.58,2
ORD00445,2026-04-27,Tirupati,Product_25,Lab Tests,699.78,103.8,4
ORD00446,2026-04-28,Tirupati,Product_26,Medical Devices,699.78,106.92,2
ORD00447,2026-04-01,Tirupati,Product_27,OTC Medicines,699.78,104.22,4
ORD00448,2026-04-02,Tirupati,Product_28,Personal Care,699.78,103.49,2
ORD00449,2026-04-03,Tirupati,Product_29,Prescription Medicines,699.78,105.99,4
ORD00450,2026-04-04,Tirupati,Product_30,Wellness & Nutrition,699.78,105.58,2
ORD00451,2026-04-05,Tirupati,Product_1,Lab Tests,699.78,103.8,4
ORD00452,2026-04-06,Tirupati,Product_2,Medical Devices,699.78,106.92,2
ORD00453,2026-04-07,Tirupati,Product_3,OTC Medicines,699.78,104.22,4
ORD00454,2026-04-08,Tirupati,Product_4,Personal Care,699.78,103.49,2
ORD00455,2026-04-09,Tirupati,Product_5,Prescription Medicines,699.78,105.99,4
ORD00456,2026-04-10,Tirupati,Product_6,Wellness & Nutrition,699.78,105.58,2
ORD00457,2026-04-11,Tirupati,Product_7,Lab Tests,699.78,103.8,4
ORD00458,2026-04-12,Tirupati,Product_8,Medical Devices,699.78,106.92,2
ORD00459,2026-04-13,Tirupati,Product_9,OTC Medicines,699.78,104.22,4
ORD00460,2026-04-14,Tirupati,Product_10,Personal Care,699.78,103.49,2
ORD00461,2026-04-15,Tirupati,Product_11,Prescription Medicines,699.78,105.99,4
ORD00462,2026-04-16,Tirupati,Product_12,Wellness & Nutrition,699.78,105.58,2
ORD00463,2026-04-17,Tirupati,Product_13,Lab Tests,699.78,103.8,4
ORD00464,2026-04-18,Tirupati,Product_14,Medical Devices,699.78,106.92,2
ORD00465,2026-04-19,Tirupati,Product_15,OTC Medicines,699.78,104.22,4
ORD00466,2026-04-20,Tirupati,Product_16,Personal Care,699.78,103.49,2
ORD00467,2026-04-21,Tirupati,Product_17,Prescription Medicines,699.78,105.99,4
ORD00468,2026-04-22,Tirupati,Product_18,Wellness & Nutrition,699.68,105.57,2
ORD00469,2026-04-01,Vijayawada,Product_19,Medical Devices,2196.59,335.63,2
ORD00470,2026-04-02,Vijayawada,Product_20,OTC Medicines,2196.59,327.16,4
ORD00471,2026-04-03,Vijayawada,Product_21,Personal Care,2196.59,324.86,2
ORD00472,2026-04-04,Vijayawada,Product_22,Prescription Medicines,2196.59,332.7,4
ORD00473,2026-04-05,Vijayawada,Product_23,Wellness & Nutrition,2196.59,331.41,2
ORD00474,2026-04-06,Vijayawada,Product_24,Lab Tests,2196.59,325.82,4
ORD00475,2026-04-07,Vijayawada,Product_25,Medical Devices,2196.59,335.63,2
ORD00476,2026-04-08,Vijayawada,Product_26,OTC Medicines,2196.59,327.16,4
ORD00477,2026-04-09,Vijayawada,Product_27,Personal Care,2196.59,324.86,2
ORD00478,2026-04-10,Vijayawada,Product_28,Prescription Medicines,2196.59,332.7,4
ORD00479,2026-04-11,Vijayawada,Product_29,Wellness & Nutrition,2196.59,331.41,2
ORD00480,2026-04-12,Vijayawada,Product_30,Lab Tests,2196.59,325.82,4
ORD00481,2026-04-13,Vijayawada,Product_1,Medical Devices,2196.59,335.63,2
ORD00482,2026-04-14,Vijayawada,Product_2,OTC Medicines,2196.59,327.16,4
ORD00483,2026-04-15,Vijayawada,Product_3,Personal Care,2196.59,324.86,2
ORD00484,2026-04-16,Vijayawada,Product_4,Prescription Medicines,2196.59,332.7,4
ORD00485,2026-04-17,Vijayawada,Product_5,Wellness & Nutrition,2196.59,331.41,2
ORD00486,2026-04-18,Vijayawada,Product_6,Lab Tests,2196.59,325.82,4
ORD00487,2026-04-19,Vijayawada,Product_7,Medical Devices,2196.59,335.63,2
ORD00488,2026-04-20,Vijayawada,Product_8,OTC Medicines,2196.59,327.16,4
ORD00489,2026-04-21,Vijayawada,Product_9,Personal Care,2196.59,324.86,2
ORD00490,2026-04-22,Vijayawada,Product_10,Prescription Medicines,2196.59,332.7,4
ORD00491,2026-04-23,Vijayawada,Product_11,Wellness & Nutrition,2196.59,331.41,2
ORD00492,2026-04-24,Vijayawada,Product_12,Lab Tests,2196.59,325.82,4
ORD00493,2026-04-25,Vijayawada,Product_13,Medical Devices,2196.59,335.63,2
ORD00494,2026-04-26,Vijayawada,Product_14,OTC Medicines,2196.59,327.16,4
ORD00495,2026-04-27,Vijayawada,Product_15,Personal Care,2196.59,324.86,2
ORD00496,2026-04-28,Vijayawada,Product_16,Prescription Medicines,2196.59,332.7,4
ORD00497,2026-04-01,Vijayawada,Product_17,Wellness & Nutrition,2196.59,331.41,2
ORD00498,2026-04-02,Vijayawada,Product_18,Lab Tests,2196.59,325.82,4
ORD00499,2026-04-03,Vijayawada,Product_19,Medical Devices,2196.59,335.63,2
ORD00500,2026-04-04,Vijayawada,Product_20,OTC Medicines,2196.59,327.16,4
ORD00501,2026-04-05,Vijayawada,Product_21,Personal Care,2196.59,324.86,2
ORD00502,2026-04-06,Vijayawada,Product_22,Prescription Medicines,2196.59,332.7,4
ORD00503,2026-04-07,Vijayawada,Product_23,Wellness & Nutrition,2196.59,331.41,2
ORD00504,2026-04-08,Vijayawada,Product_24,Lab Tests,2196.59,325.82,4
ORD00505,2026-04-09,Vijayawada,Product_25,Medical Devices,2196.59,335.63,2
ORD00506,2026-04-10,Vijayawada,Product_26,OTC Medicines,2196.59,327.16,4
ORD00507,2026-04-11,Vijayawada,Product_27,Personal Care,2196.59,324.86,2
ORD00508,2026-04-12,Vijayawada,Product_28,Prescription Medicines,2196.59,332.7,4
ORD00509,2026-04-13,Vijayawada,Product_29,Wellness & Nutrition,2196.59,331.41,2
ORD00510,2026-04-14,Vijayawada,Product_30,Lab Tests,2196.59,325.82,4
ORD00511,2026-04-15,Vijayawada,Product_1,Medical Devices,2196.59,335.63,2
ORD00512,2026-04-16,Vijayawada,Product_2,OTC Medicines,2196.59,327.16,4
ORD00513,2026-04-17,Vijayawada,Product_3,Personal Care,2196.59,324.86,2
ORD00514,2026-04-18,Vijayawada,Product_4,Prescription Medicines,2196.59,332.7,4
ORD00515,2026-04-19,Vijayawada,Product_5,Wellness & Nutrition,2196.59,331.41,2
ORD00516,2026-04-20,Vijayawada,Product_6,Lab Tests,2196.59,325.82,4
ORD00517,2026-04-21,Vijayawada,Product_7,Medical Devices,2196.59,335.63,2
ORD00518,2026-04-22,Vijayawada,Product_8,OTC Medicines,2196.59,327.16,4
ORD00519,2026-04-23,Vijayawada,Product_9,Personal Care,2196.59,324.86,2
ORD00520,2026-04-24,Vijayawada,Product_10,Prescription Medicines,2196.59,332.7,4
ORD00521,2026-04-25,Vijayawada,Product_11,Wellness & Nutrition,2196.59,331.41,2
ORD00522,2026-04-26,Vijayawada,Product_12,Lab Tests,2196.59,325.82,4
ORD00523,2026-04-27,Vijayawada,Product_13,Medical Devices,2196.59,335.63,2
ORD00524,2026-04-28,Vijayawada,Product_14,OTC Medicines,2196.59,327.16,4
ORD00525,2026-04-01,Vijayawada,Product_15,Personal Care,2196.59,324.86,2
ORD00526,2026-04-02,Vijayawada,Product_16,Prescription Medicines,2196.59,332.7,4
ORD00527,2026-04-03,Vijayawada,Product_17,Wellness & Nutrition,2196.59,331.41,2
ORD00528,2026-04-04,Vijayawada,Product_18,Lab Tests,2196.59,325.82,4
ORD00529,2026-04-05,Vijayawada,Product_19,Medical Devices,2196.59,335.63,2
ORD00530,2026-04-06,Vijayawada,Product_20,OTC Medicines,2196.59,327.16,4
ORD00531,2026-04-07,Vijayawada,Product_21,Personal Care,2196.59,324.86,2
ORD00532,2026-04-08,Vijayawada,Product_22,Prescription Medicines,2196.59,332.7,4
ORD00533,2026-04-09,Vijayawada,Product_23,Wellness & Nutrition,2196.59,331.41,2
ORD00534,2026-04-10,Vijayawada,Product_24,Lab Tests,2196.59,325.82,4
ORD00535,2026-04-11,Vijayawada,Product_25,Medical Devices,2196.59,335.63,2
ORD00536,2026-04-12,Vijayawada,Product_26,OTC Medicines,2196.59,327.16,4
ORD00537,2026-04-13,Vijayawada,Product_27,Personal Care,2196.59,324.86,2
ORD00538,2026-04-14,Vijayawada,Product_28,Prescription Medicines,2196.59,332.7,4
ORD00539,2026-04-15,Vijayawada,Product_29,Wellness & Nutrition,2196.59,331.41,2
ORD00540,2026-04-16,Vijayawada,Product_30,Lab Tests,2196.59,325.82,4
ORD00541,2026-04-17,Vijayawada,Product_1,Medical Devices,2196.59,335.63,2
ORD00542,2026-04-18,Vijayawada,Product_2,OTC Medicines,2196.59,327.16,4
ORD00543,2026-04-19,Vijayawada,Product_3,Personal Care,2196.59,324.86,2
ORD00544,2026-04-20,Vijayawada,Product_4,Prescription Medicines,2196.59,332.7,4
ORD00545,2026-04-21,Vijayawada,Product_5,Wellness & Nutrition,2196.59,331.41,2
ORD00546,2026-04-22,Vijayawada,Product_6,Lab Tests,2196.76,325.84,4
ORD00547,2026-04-01,Visakhapatnam,Product_7,OTC Medicines,1727.76,257.33,4
ORD00548,2026-04-02,Visakhapatnam,Product_8,Personal Care,1727.76,255.52,2
ORD00549,2026-04-03,Visakhapatnam,Product_9,Prescription Medicines,1727.76,261.69,4
ORD00550,2026-04-04,Visakhapatnam,Product_10,Wellness & Nutrition,1727.76,260.68,2
ORD00551,2026-04-05,Visakhapatnam,Product_11,Lab Tests,1727.76,256.28,4
ORD00552,2026-04-06,Visakhapatnam,Product_12,Medical Devices,1727.76,263.99,2
ORD00553,2026-04-07,Visakhapatnam,Product_13,OTC Medicines,1727.76,257.33,4
ORD00554,2026-04-08,Visakhapatnam,Product_14,Personal Care,1727.76,255.52,2
ORD00555,2026-04-09,Visakhapatnam,Product_15,Prescription Medicines,1727.76,261.69,4
ORD00556,2026-04-10,Visakhapatnam,Product_16,Wellness & Nutrition,1727.76,260.68,2
ORD00557,2026-04-11,Visakhapatnam,Product_17,Lab Tests,1727.76,256.28,4
ORD00558,2026-04-12,Visakhapatnam,Product_18,Medical Devices,1727.76,263.99,2
ORD00559,2026-04-13,Visakhapatnam,Product_19,OTC Medicines,1727.76,257.33,4
ORD00560,2026-04-14,Visakhapatnam,Product_20,Personal Care,1727.76,255.52,2
ORD00561,2026-04-15,Visakhapatnam,Product_21,Prescription Medicines,1727.76,261.69,4
ORD00562,2026-04-16,Visakhapatnam,Product_22,Wellness & Nutrition,1727.76,260.68,2
ORD00563,2026-04-17,Visakhapatnam,Product_23,Lab Tests,1727.76,256.28,4
ORD00564,2026-04-18,Visakhapatnam,Product_24,Medical Devices,1727.76,263.99,2
ORD00565,2026-04-19,Visakhapatnam,Product_25,OTC Medicines,1727.76,257.33,4
ORD00566,2026-04-20,Visakhapatnam,Product_26,Personal Care,1727.76,255.52,2
ORD00567,2026-04-21,Visakhapatnam,Product_27,Prescription Medicines,1727.76,261.69,4
ORD00568,2026-04-22,Visakhapatnam,Product_28,Wellness & Nutrition,1727.76,260.68,2
ORD00569,2026-04-23,Visakhapatnam,Product_29,Lab Tests,1727.76,256.28,4
ORD00570,2026-04-24,Visakhapatnam,Product_30,Medical Devices,1727.76,263.99,2
ORD00571,2026-04-25,Visakhapatnam,Product_1,OTC Medicines,1727.76,257.33,4
ORD00572,2026-04-26,Visakhapatnam,Product_2,Personal Care,1727.76,255.52,2
ORD00573,2026-04-27,Visakhapatnam,Product_3,Prescription Medicines,1727.76,261.69,4
ORD00574,2026-04-28,Visakhapatnam,Product_4,Wellness & Nutrition,1727.76,260.68,2
ORD00575,2026-04-01,Visakhapatnam,Product_5,Lab Tests,1727.76,256.28,4
ORD00576,2026-04-02,Visakhapatnam,Product_6,Medical Devices,1727.76,263.99,2
ORD00577,2026-04-03,Visakhapatnam,Product_7,OTC Medicines,1727.76,257.33,4
ORD00578,2026-04-04,Visakhapatnam,Product_8,Personal Care,1727.76,255.52,2
ORD00579,2026-04-05,Visakhapatnam,Product_9,Prescription Medicines,1727.76,261.69,4
ORD00580,2026-04-06,Visakhapatnam,Product_10,Wellness & Nutrition,1727.76,260.68,2
ORD00581,2026-04-07,Visakhapatnam,Product_11,Lab Tests,1727.76,256.28,4
ORD00582,2026-04-08,Visakhapatnam,Product_12,Medical Devices,1727.76,263.99,2
ORD00583,2026-04-09,Visakhapatnam,Product_13,OTC Medicines,1727.76,257.33,4
ORD00584,2026-04-10,Visakhapatnam,Product_14,Personal Care,1727.76,255.52,2
ORD00585,2026-04-11,Visakhapatnam,Product_15,Prescription Medicines,1727.76,261.69,4
ORD00586,2026-04-12,Visakhapatnam,Product_16,Wellness & Nutrition,1727.76,260.68,2
ORD00587,2026-04-13,Visakhapatnam,Product_17,Lab Tests,1727.76,256.28,4
ORD00588,2026-04-14,Visakhapatnam,Product_18,Medical Devices,1727.76,263.99,2
ORD00589,2026-04-15,Visakhapatnam,Product_19,OTC Medicines,1727.76,257.33,4
ORD00590,2026-04-16,Visakhapatnam,Product_20,Personal Care,1727.76,255.52,2
ORD00591,2026-04-17,Visakhapatnam,Product_21,Prescription Medicines,1727.76,261.69,4
ORD00592,2026-04-18,Visakhapatnam,Product_22,Wellness & Nutrition,1727.76,260.68,2
ORD00593,2026-04-19,Visakhapatnam,Product_23,Lab Tests,1727.76,256.28,4
ORD00594,2026-04-20,Visakhapatnam,Product_24,Medical Devices,1727.76,263.99,2
ORD00595,2026-04-21,Visakhapatnam,Product_25,OTC Medicines,1727.76,257.33,4
ORD00596,2026-04-22,Visakhapatnam,Product_26,Personal Care,1727.76,255.52,2
ORD00597,2026-04-23,Visakhapatnam,Product_27,Prescription Medicines,1727.76,261.69,4
ORD00598,2026-04-24,Visakhapatnam,Product_28,Wellness & Nutrition,1727.76,260.68,2
ORD00599,2026-04-25,Visakhapatnam,Product_29,Lab Tests,1727.76,256.28,4
ORD00600,2026-04-26,Visakhapatnam,Product_30,Medical Devices,1727.76,263.99,2
ORD00601,2026-04-27,Visakhapatnam,Product_1,OTC Medicines,1727.76,257.33,4
ORD00602,2026-04-28,Visakhapatnam,Product_2,Personal Care,1727.76,255.52,2
ORD00603,2026-04-01,Visakhapatnam,Product_3,Prescription Medicines,1727.76,261.69,4
ORD00604,2026-04-02,Visakhapatnam,Product_4,Wellness & Nutrition,1727.76,260.68,2
ORD00605,2026-04-03,Visakhapatnam,Product_5,Lab Tests,1727.76,256.28,4
ORD00606,2026-04-04,Visakhapatnam,Product_6,Medical Devices,1727.76,263.99,2
ORD00607,2026-04-05,Visakhapatnam,Product_7,OTC Medicines,1727.76,257.33,4
ORD00608,2026-04-06,Visakhapatnam,Product_8,Personal Care,1727.76,255.52,2
ORD00609,2026-04-07,Visakhapatnam,Product_9,Prescription Medicines,1727.76,261.69,4
ORD00610,2026-04-08,Visakhapatnam,Product_10,Wellness & Nutrition,1727.76,260.68,2
ORD00611,2026-04-09,Visakhapatnam,Product_11,Lab Tests,1727.76,256.28,4
ORD00612,2026-04-10,Visakhapatnam,Product_12,Medical Devices,1727.76,263.99,2
ORD00613,2026-04-11,Visakhapatnam,Product_13,OTC Medicines,1727.76,257.33,4
ORD00614,2026-04-12,Visakhapatnam,Product_14,Personal Care,1727.76,255.52,2
ORD00615,2026-04-13,Visakhapatnam,Product_15,Prescription Medicines,1727.76,261.69,4
ORD00616,2026-04-14,Visakhapatnam,Product_16,Wellness & Nutrition,1727.76,260.68,2
ORD00617,2026-04-15,Visakhapatnam,Product_17,Lab Tests,1727.76,256.28,4
ORD00618,2026-04-16,Visakhapatnam,Product_18,Medical Devices,1727.76,263.99,2
ORD00619,2026-04-17,Visakhapatnam,Product_19,OTC Medicines,1727.76,257.33,4
ORD00620,2026-04-18,Visakhapatnam,Product_20,Personal Care,1727.76,255.52,2
ORD00621,2026-04-19,Visakhapatnam,Product_21,Prescription Medicines,1727.76,261.69,4
ORD00622,2026-04-20,Visakhapatnam,Product_22,Wellness & Nutrition,1727.76,260.68,2
ORD00623,2026-04-21,Visakhapatnam,Product_23,Lab Tests,1727.76,256.28,4
ORD00624,2026-04-22,Visakhapatnam,Product_24,Medical Devices,1727.77,263.99,2
ORD00625,2026-04-01,Warangal,Product_25,Personal Care,1321.95,195.51,2
ORD00626,2026-04-02,Warangal,Product_26,Prescription Medicines,1321.95,200.23,4
ORD00627,2026-04-03,Warangal,Product_27,Wellness & Nutrition,1321.95,199.45,2
ORD00628,2026-04-04,Warangal,Product_28,Lab Tests,1321.95,196.08,4
ORD00629,2026-04-05,Warangal,Product_29,Medical Devices,1321.95,201.99,2
ORD00630,2026-04-06,Warangal,Product_30,OTC Medicines,1321.95,196.89,4
ORD00631,2026-04-07,Warangal,Product_1,Personal Care,1321.95,195.51,2
ORD00632,2026-04-08,Warangal,Product_2,Prescription Medicines,1321.95,200.23,4
ORD00633,2026-04-09,Warangal,Product_3,Wellness & Nutrition,1321.95,199.45,2
ORD00634,2026-04-10,Warangal,Product_4,Lab Tests,1321.95,196.08,4
ORD00635,2026-04-11,Warangal,Product_5,Medical Devices,1321.95,201.99,2
ORD00636,2026-04-12,Warangal,Product_6,OTC Medicines,1321.95,196.89,4
ORD00637,2026-04-13,Warangal,Product_7,Personal Care,1321.95,195.51,2
ORD00638,2026-04-14,Warangal,Product_8,Prescription Medicines,1321.95,200.23,4
ORD00639,2026-04-15,Warangal,Product_9,Wellness & Nutrition,1321.95,199.45,2
ORD00640,2026-04-16,Warangal,Product_10,Lab Tests,1321.95,196.08,4
ORD00641,2026-04-17,Warangal,Product_11,Medical Devices,1321.95,201.99,2
ORD00642,2026-04-18,Warangal,Product_12,OTC Medicines,1321.95,196.89,4
ORD00643,2026-04-19,Warangal,Product_13,Personal Care,1321.95,195.51,2
ORD00644,2026-04-20,Warangal,Product_14,Prescription Medicines,1321.95,200.23,4
ORD00645,2026-04-21,Warangal,Product_15,Wellness & Nutrition,1321.95,199.45,2
ORD00646,2026-04-22,Warangal,Product_16,Lab Tests,1321.95,196.08,4
ORD00647,2026-04-23,Warangal,Product_17,Medical Devices,1321.95,201.99,2
ORD00648,2026-04-24,Warangal,Product_18,OTC Medicines,1321.95,196.89,4
ORD00649,2026-04-25,Warangal,Product_19,Personal Care,1321.95,195.51,2
ORD00650,2026-04-26,Warangal,Product_20,Prescription Medicines,1321.95,200.23,4
ORD00651,2026-04-27,Warangal,Product_21,Wellness & Nutrition,1321.95,199.45,2
ORD00652,2026-04-28,Warangal,Product_22,Lab Tests,1321.95,196.08,4
ORD00653,2026-04-01,Warangal,Product_23,Medical Devices,1321.95,201.99,2
ORD00654,2026-04-02,Warangal,Product_24,OTC Medicines,1321.95,196.89,4
ORD00655,2026-04-03,Warangal,Product_25,Personal Care,1321.95,195.51,2
ORD00656,2026-04-04,Warangal,Product_26,Prescription Medicines,1321.95,200.23,4
ORD00657,2026-04-05,Warangal,Product_27,Wellness & Nutrition,1321.95,199.45,2
ORD00658,2026-04-06,Warangal,Product_28,Lab Tests,1321.95,196.08,4
ORD00659,2026-04-07,Warangal,Product_29,Medical Devices,1321.95,201.99,2
ORD00660,2026-04-08,Warangal,Product_30,OTC Medicines,1321.95,196.89,4
ORD00661,2026-04-09,Warangal,Product_1,Personal Care,1321.95,195.51,2
ORD00662,2026-04-10,Warangal,Product_2,Prescription Medicines,1321.95,200.23,4
ORD00663,2026-04-11,Warangal,Product_3,Wellness & Nutrition,1321.95,199.45,2
ORD00664,2026-04-12,Warangal,Product_4,Lab Tests,1321.95,196.08,4
ORD00665,2026-04-13,Warangal,Product_5,Medical Devices,1321.95,201.99,2
ORD00666,2026-04-14,Warangal,Product_6,OTC Medicines,1321.95,196.89,4
ORD00667,2026-04-15,Warangal,Product_7,Personal Care,1321.95,195.51,2
ORD00668,2026-04-16,Warangal,Product_8,Prescription Medicines,1321.95,200.23,4
ORD00669,2026-04-17,Warangal,Product_9,Wellness & Nutrition,1321.95,199.45,2
ORD00670,2026-04-18,Warangal,Product_10,Lab Tests,1321.95,196.08,4
ORD00671,2026-04-19,Warangal,Product_11,Medical Devices,1321.95,201.99,2
ORD00672,2026-04-20,Warangal,Product_12,OTC Medicines,1321.95,196.89,4
ORD00673,2026-04-21,Warangal,Product_13,Personal Care,1321.95,195.51,2
ORD00674,2026-04-22,Warangal,Product_14,Prescription Medicines,1321.95,200.23,4
ORD00675,2026-04-23,Warangal,Product_15,Wellness & Nutrition,1321.95,199.45,2
ORD00676,2026-04-24,Warangal,Product_16,Lab Tests,1321.95,196.08,4
ORD00677,2026-04-25,Warangal,Product_17,Medical Devices,1321.95,201.99,2
ORD00678,2026-04-26,Warangal,Product_18,OTC Medicines,1321.95,196.89,4
ORD00679,2026-04-27,Warangal,Product_19,Personal Care,1321.95,195.51,2
ORD00680,2026-04-28,Warangal,Product_20,Prescription Medicines,1321.95,200.23,4
ORD00681,2026-04-01,Warangal,Product_21,Wellness & Nutrition,1321.95,199.45,2
ORD00682,2026-04-02,Warangal,Product_22,Lab Tests,1321.95,196.08,4
ORD00683,2026-04-03,Warangal,Product_23,Medical Devices,1321.95,201.99,2
ORD00684,2026-04-04,Warangal,Product_24,OTC Medicines,1321.95,196.89,4
ORD00685,2026-04-05,Warangal,Product_25,Personal Care,1321.95,195.51,2
ORD00686,2026-04-06,Warangal,Product_26,Prescription Medicines,1321.95,200.23,4
ORD00687,2026-04-07,Warangal,Product_27,Wellness & Nutrition,1321.95,199.45,2
ORD00688,2026-04-08,Warangal,Product_28,Lab Tests,1321.95,196.08,4
ORD00689,2026-04-09,Warangal,Product_29,Medical Devices,1321.95,201.99,2
ORD00690,2026-04-10,Warangal,Product_30,OTC Medicines,1321.95,196.89,4
ORD00691,2026-04-11,Warangal,Product_1,Personal Care,1321.95,195.51,2
ORD00692,2026-04-12,Warangal,Product_2,Prescription Medicines,1321.95,200.23,4
ORD00693,2026-04-13,Warangal,Product_3,Wellness & Nutrition,1321.95,199.45,2
ORD00694,2026-04-14,Warangal,Product_4,Lab Tests,1321.95,196.08,4
ORD00695,2026-04-15,Warangal,Product_5,Medical Devices,1321.95,201.99,2
ORD00696,2026-04-16,Warangal,Product_6,OTC Medicines,1321.95,196.89,4
ORD00697,2026-04-17,Warangal,Product_7,Personal Care,1321.95,195.51,2
ORD00698,2026-04-18,Warangal,Product_8,Prescription Medicines,1321.95,200.23,4
ORD00699,2026-04-19,Warangal,Product_9,Wellness & Nutrition,1321.95,199.45,2
ORD00700,2026-04-20,Warangal,Product_10,Lab Tests,1321.89,196.07,4
ORD00701,2026-05-01,Bengaluru,Product_11,Lab Tests,2217.05,328.85,2
ORD00702,2026-05-02,Bengaluru,Product_12,Medical Devices,2217.05,338.75,4
ORD00703,2026-05-03,Bengaluru,Product_13,OTC Medicines,2217.05,330.2,2
ORD00704,2026-05-04,Bengaluru,Product_14,Personal Care,2217.05,327.89,4
ORD00705,2026-05-05,Bengaluru,Product_15,Prescription Medicines,2217.05,335.8,2
ORD00706,2026-05-06,Bengaluru,Product_16,Wellness & Nutrition,2217.05,334.5,4
ORD00707,2026-05-07,Bengaluru,Product_17,Lab Tests,2217.05,328.85,2
ORD00708,2026-05-08,Bengaluru,Product_18,Medical Devices,2217.05,338.75,4
ORD00709,2026-05-09,Bengaluru,Product_19,OTC Medicines,2217.05,330.2,2
ORD00710,2026-05-10,Bengaluru,Product_20,Personal Care,2217.05,327.89,4
ORD00711,2026-05-11,Bengaluru,Product_21,Prescription Medicines,2217.05,335.8,2
ORD00712,2026-05-12,Bengaluru,Product_22,Wellness & Nutrition,2217.05,334.5,4
ORD00713,2026-05-13,Bengaluru,Product_23,Lab Tests,2217.05,328.85,2
ORD00714,2026-05-14,Bengaluru,Product_24,Medical Devices,2217.05,338.75,4
ORD00715,2026-05-15,Bengaluru,Product_25,OTC Medicines,2217.05,330.2,2
ORD00716,2026-05-16,Bengaluru,Product_26,Personal Care,2217.05,327.89,4
ORD00717,2026-05-17,Bengaluru,Product_27,Prescription Medicines,2217.05,335.8,2
ORD00718,2026-05-18,Bengaluru,Product_28,Wellness & Nutrition,2217.05,334.5,4
ORD00719,2026-05-19,Bengaluru,Product_29,Lab Tests,2217.05,328.85,2
ORD00720,2026-05-20,Bengaluru,Product_30,Medical Devices,2217.05,338.75,4
ORD00721,2026-05-21,Bengaluru,Product_1,OTC Medicines,2217.05,330.2,2
ORD00722,2026-05-22,Bengaluru,Product_2,Personal Care,2217.05,327.89,4
ORD00723,2026-05-23,Bengaluru,Product_3,Prescription Medicines,2217.05,335.8,2
ORD00724,2026-05-24,Bengaluru,Product_4,Wellness & Nutrition,2217.05,334.5,4
ORD00725,2026-05-25,Bengaluru,Product_5,Lab Tests,2217.05,328.85,2
ORD00726,2026-05-26,Bengaluru,Product_6,Medical Devices,2217.05,338.75,4
ORD00727,2026-05-27,Bengaluru,Product_7,OTC Medicines,2217.05,330.2,2
ORD00728,2026-05-28,Bengaluru,Product_8,Personal Care,2217.05,327.89,4
ORD00729,2026-05-01,Bengaluru,Product_9,Prescription Medicines,2217.05,335.8,2
ORD00730,2026-05-02,Bengaluru,Product_10,Wellness & Nutrition,2217.05,334.5,4
ORD00731,2026-05-03,Bengaluru,Product_11,Lab Tests,2217.05,328.85,2
ORD00732,2026-05-04,Bengaluru,Product_12,Medical Devices,2217.05,338.75,4
ORD00733,2026-05-05,Bengaluru,Product_13,OTC Medicines,2217.05,330.2,2
ORD00734,2026-05-06,Bengaluru,Product_14,Personal Care,2217.05,327.89,4
ORD00735,2026-05-07,Bengaluru,Product_15,Prescription Medicines,2217.05,335.8,2
ORD00736,2026-05-08,Bengaluru,Product_16,Wellness & Nutrition,2217.05,334.5,4
ORD00737,2026-05-09,Bengaluru,Product_17,Lab Tests,2217.05,328.85,2
ORD00738,2026-05-10,Bengaluru,Product_18,Medical Devices,2217.05,338.75,4
ORD00739,2026-05-11,Bengaluru,Product_19,OTC Medicines,2217.05,330.2,2
ORD00740,2026-05-12,Bengaluru,Product_20,Personal Care,2217.05,327.89,4
ORD00741,2026-05-13,Bengaluru,Product_21,Prescription Medicines,2217.05,335.8,2
ORD00742,2026-05-14,Bengaluru,Product_22,Wellness & Nutrition,2217.05,334.5,4
ORD00743,2026-05-15,Bengaluru,Product_23,Lab Tests,2217.05,328.85,2
ORD00744,2026-05-16,Bengaluru,Product_24,Medical Devices,2217.05,338.75,4
ORD00745,2026-05-17,Bengaluru,Product_25,OTC Medicines,2217.05,330.2,2
ORD00746,2026-05-18,Bengaluru,Product_26,Personal Care,2217.05,327.89,4
ORD00747,2026-05-19,Bengaluru,Product_27,Prescription Medicines,2217.05,335.8,2
ORD00748,2026-05-20,Bengaluru,Product_28,Wellness & Nutrition,2217.05,334.5,4
ORD00749,2026-05-21,Bengaluru,Product_29,Lab Tests,2217.05,328.85,2
ORD00750,2026-05-22,Bengaluru,Product_30,Medical Devices,2217.05,338.75,4
ORD00751,2026-05-23,Bengaluru,Product_1,OTC Medicines,2217.05,330.2,2
ORD00752,2026-05-24,Bengaluru,Product_2,Personal Care,2217.05,327.89,4
ORD00753,2026-05-25,Bengaluru,Product_3,Prescription Medicines,2217.05,335.8,2
ORD00754,2026-05-26,Bengaluru,Product_4,Wellness & Nutrition,2217.05,334.5,4
ORD00755,2026-05-27,Bengaluru,Product_5,Lab Tests,2217.05,328.85,2
ORD00756,2026-05-28,Bengaluru,Product_6,Medical Devices,2217.05,338.75,4
ORD00757,2026-05-01,Bengaluru,Product_7,OTC Medicines,2217.05,330.2,2
ORD00758,2026-05-02,Bengaluru,Product_8,Personal Care,2217.05,327.89,4
ORD00759,2026-05-03,Bengaluru,Product_9,Prescription Medicines,2217.05,335.8,2
ORD00760,2026-05-04,Bengaluru,Product_10,Wellness & Nutrition,2217.05,334.5,4
ORD00761,2026-05-05,Bengaluru,Product_11,Lab Tests,2217.05,328.85,2
ORD00762,2026-05-06,Bengaluru,Product_12,Medical Devices,2217.05,338.75,4
ORD00763,2026-05-07,Bengaluru,Product_13,OTC Medicines,2217.05,330.2,2
ORD00764,2026-05-08,Bengaluru,Product_14,Personal Care,2217.05,327.89,4
ORD00765,2026-05-09,Bengaluru,Product_15,Prescription Medicines,2217.05,335.8,2
ORD00766,2026-05-10,Bengaluru,Product_16,Wellness & Nutrition,2217.05,334.5,4
ORD00767,2026-05-11,Bengaluru,Product_17,Lab Tests,2217.05,328.85,2
ORD00768,2026-05-12,Bengaluru,Product_18,Medical Devices,2217.05,338.75,4
ORD00769,2026-05-13,Bengaluru,Product_19,OTC Medicines,2217.05,330.2,2
ORD00770,2026-05-14,Bengaluru,Product_20,Personal Care,2217.05,327.89,4
ORD00771,2026-05-15,Bengaluru,Product_21,Prescription Medicines,2217.05,335.8,2
ORD00772,2026-05-16,Bengaluru,Product_22,Wellness & Nutrition,2217.05,334.5,4
ORD00773,2026-05-17,Bengaluru,Product_23,Lab Tests,2217.05,328.85,2
ORD00774,2026-05-18,Bengaluru,Product_24,Medical Devices,2217.05,338.75,4
ORD00775,2026-05-19,Bengaluru,Product_25,OTC Medicines,2217.05,330.2,2
ORD00776,2026-05-20,Bengaluru,Product_26,Personal Care,2217.05,327.89,4
ORD00777,2026-05-21,Bengaluru,Product_27,Prescription Medicines,2217.05,335.8,2
ORD00778,2026-05-22,Bengaluru,Product_28,Wellness & Nutrition,2216.83,334.47,4
ORD00779,2026-05-01,Guntur,Product_29,Medical Devices,1778.7,271.78,4
ORD00780,2026-05-02,Guntur,Product_30,OTC Medicines,1778.7,264.92,2
ORD00781,2026-05-03,Guntur,Product_1,Personal Care,1778.7,263.06,4
ORD00782,2026-05-04,Guntur,Product_2,Prescription Medicines,1778.7,269.41,2
ORD00783,2026-05-05,Guntur,Product_3,Wellness & Nutrition,1778.7,268.36,4
ORD00784,2026-05-06,Guntur,Product_4,Lab Tests,1778.7,263.83,2
ORD00785,2026-05-07,Guntur,Product_5,Medical Devices,1778.7,271.78,4
ORD00786,2026-05-08,Guntur,Product_6,OTC Medicines,1778.7,264.92,2
ORD00787,2026-05-09,Guntur,Product_7,Personal Care,1778.7,263.06,4
ORD00788,2026-05-10,Guntur,Product_8,Prescription Medicines,1778.7,269.41,2
ORD00789,2026-05-11,Guntur,Product_9,Wellness & Nutrition,1778.7,268.36,4
ORD00790,2026-05-12,Guntur,Product_10,Lab Tests,1778.7,263.83,2
ORD00791,2026-05-13,Guntur,Product_11,Medical Devices,1778.7,271.78,4
ORD00792,2026-05-14,Guntur,Product_12,OTC Medicines,1778.7,264.92,2
ORD00793,2026-05-15,Guntur,Product_13,Personal Care,1778.7,263.06,4
ORD00794,2026-05-16,Guntur,Product_14,Prescription Medicines,1778.7,269.41,2
ORD00795,2026-05-17,Guntur,Product_15,Wellness & Nutrition,1778.7,268.36,4
ORD00796,2026-05-18,Guntur,Product_16,Lab Tests,1778.7,263.83,2
ORD00797,2026-05-19,Guntur,Product_17,Medical Devices,1778.7,271.78,4
ORD00798,2026-05-20,Guntur,Product_18,OTC Medicines,1778.7,264.92,2
ORD00799,2026-05-21,Guntur,Product_19,Personal Care,1778.7,263.06,4
ORD00800,2026-05-22,Guntur,Product_20,Prescription Medicines,1778.7,269.41,2
ORD00801,2026-05-23,Guntur,Product_21,Wellness & Nutrition,1778.7,268.36,4
ORD00802,2026-05-24,Guntur,Product_22,Lab Tests,1778.7,263.83,2
ORD00803,2026-05-25,Guntur,Product_23,Medical Devices,1778.7,271.78,4
ORD00804,2026-05-26,Guntur,Product_24,OTC Medicines,1778.7,264.92,2
ORD00805,2026-05-27,Guntur,Product_25,Personal Care,1778.7,263.06,4
ORD00806,2026-05-28,Guntur,Product_26,Prescription Medicines,1778.7,269.41,2
ORD00807,2026-05-01,Guntur,Product_27,Wellness & Nutrition,1778.7,268.36,4
ORD00808,2026-05-02,Guntur,Product_28,Lab Tests,1778.7,263.83,2
ORD00809,2026-05-03,Guntur,Product_29,Medical Devices,1778.7,271.78,4
ORD00810,2026-05-04,Guntur,Product_30,OTC Medicines,1778.7,264.92,2
ORD00811,2026-05-05,Guntur,Product_1,Personal Care,1778.7,263.06,4
ORD00812,2026-05-06,Guntur,Product_2,Prescription Medicines,1778.7,269.41,2
ORD00813,2026-05-07,Guntur,Product_3,Wellness & Nutrition,1778.7,268.36,4
ORD00814,2026-05-08,Guntur,Product_4,Lab Tests,1778.7,263.83,2
ORD00815,2026-05-09,Guntur,Product_5,Medical Devices,1778.7,271.78,4
ORD00816,2026-05-10,Guntur,Product_6,OTC Medicines,1778.7,264.92,2
ORD00817,2026-05-11,Guntur,Product_7,Personal Care,1778.7,263.06,4
ORD00818,2026-05-12,Guntur,Product_8,Prescription Medicines,1778.7,269.41,2
ORD00819,2026-05-13,Guntur,Product_9,Wellness & Nutrition,1778.7,268.36,4
ORD00820,2026-05-14,Guntur,Product_10,Lab Tests,1778.7,263.83,2
ORD00821,2026-05-15,Guntur,Product_11,Medical Devices,1778.7,271.78,4
ORD00822,2026-05-16,Guntur,Product_12,OTC Medicines,1778.7,264.92,2
ORD00823,2026-05-17,Guntur,Product_13,Personal Care,1778.7,263.06,4
ORD00824,2026-05-18,Guntur,Product_14,Prescription Medicines,1778.7,269.41,2
ORD00825,2026-05-19,Guntur,Product_15,Wellness & Nutrition,1778.7,268.36,4
ORD00826,2026-05-20,Guntur,Product_16,Lab Tests,1778.7,263.83,2
ORD00827,2026-05-21,Guntur,Product_17,Medical Devices,1778.7,271.78,4
ORD00828,2026-05-22,Guntur,Product_18,OTC Medicines,1778.7,264.92,2
ORD00829,2026-05-23,Guntur,Product_19,Personal Care,1778.7,263.06,4
ORD00830,2026-05-24,Guntur,Product_20,Prescription Medicines,1778.7,269.41,2
ORD00831,2026-05-25,Guntur,Product_21,Wellness & Nutrition,1778.7,268.36,4
ORD00832,2026-05-26,Guntur,Product_22,Lab Tests,1778.7,263.83,2
ORD00833,2026-05-27,Guntur,Product_23,Medical Devices,1778.7,271.78,4
ORD00834,2026-05-28,Guntur,Product_24,OTC Medicines,1778.7,264.92,2
ORD00835,2026-05-01,Guntur,Product_25,Personal Care,1778.7,263.06,4
ORD00836,2026-05-02,Guntur,Product_26,Prescription Medicines,1778.7,269.41,2
ORD00837,2026-05-03,Guntur,Product_27,Wellness & Nutrition,1778.7,268.36,4
ORD00838,2026-05-04,Guntur,Product_28,Lab Tests,1778.7,263.83,2
ORD00839,2026-05-05,Guntur,Product_29,Medical Devices,1778.7,271.78,4
ORD00840,2026-05-06,Guntur,Product_30,OTC Medicines,1778.7,264.92,2
ORD00841,2026-05-07,Guntur,Product_1,Personal Care,1778.7,263.06,4
ORD00842,2026-05-08,Guntur,Product_2,Prescription Medicines,1778.7,269.41,2
ORD00843,2026-05-09,Guntur,Product_3,Wellness & Nutrition,1778.7,268.36,4
ORD00844,2026-05-10,Guntur,Product_4,Lab Tests,1778.7,263.83,2
ORD00845,2026-05-11,Guntur,Product_5,Medical Devices,1778.7,271.78,4
ORD00846,2026-05-12,Guntur,Product_6,OTC Medicines,1778.7,264.92,2
ORD00847,2026-05-13,Guntur,Product_7,Personal Care,1778.7,263.06,4
ORD00848,2026-05-14,Guntur,Product_8,Prescription Medicines,1778.7,269.41,2
ORD00849,2026-05-15,Guntur,Product_9,Wellness & Nutrition,1778.7,268.36,4
ORD00850,2026-05-16,Guntur,Product_10,Lab Tests,1778.7,263.83,2
ORD00851,2026-05-17,Guntur,Product_11,Medical Devices,1778.7,271.78,4
ORD00852,2026-05-18,Guntur,Product_12,OTC Medicines,1778.7,264.92,2
ORD00853,2026-05-19,Guntur,Product_13,Personal Care,1778.7,263.06,4
ORD00854,2026-05-20,Guntur,Product_14,Prescription Medicines,1778.7,269.41,2
ORD00855,2026-05-21,Guntur,Product_15,Wellness & Nutrition,1778.7,268.36,4
ORD00856,2026-05-22,Guntur,Product_16,Lab Tests,1779.03,263.88,2
ORD00857,2026-05-01,Hyderabad,Product_17,OTC Medicines,3125.97,465.58,2
ORD00858,2026-05-02,Hyderabad,Product_18,Personal Care,3125.97,462.31,4
ORD00859,2026-05-03,Hyderabad,Product_19,Prescription Medicines,3125.97,473.47,2
ORD00860,2026-05-04,Hyderabad,Product_20,Wellness & Nutrition,3125.97,471.64,4
ORD00861,2026-05-05,Hyderabad,Product_21,Lab Tests,3125.97,463.67,2
ORD00862,2026-05-06,Hyderabad,Product_22,Medical Devices,3125.97,477.63,4
ORD00863,2026-05-07,Hyderabad,Product_23,OTC Medicines,3125.97,465.58,2
ORD00864,2026-05-08,Hyderabad,Product_24,Personal Care,3125.97,462.31,4
ORD00865,2026-05-09,Hyderabad,Product_25,Prescription Medicines,3125.97,473.47,2
ORD00866,2026-05-10,Hyderabad,Product_26,Wellness & Nutrition,3125.97,471.64,4
ORD00867,2026-05-11,Hyderabad,Product_27,Lab Tests,3125.97,463.67,2
ORD00868,2026-05-12,Hyderabad,Product_28,Medical Devices,3125.97,477.63,4
ORD00869,2026-05-13,Hyderabad,Product_29,OTC Medicines,3125.97,465.58,2
ORD00870,2026-05-14,Hyderabad,Product_30,Personal Care,3125.97,462.31,4
ORD00871,2026-05-15,Hyderabad,Product_1,Prescription Medicines,3125.97,473.47,2
ORD00872,2026-05-16,Hyderabad,Product_2,Wellness & Nutrition,3125.97,471.64,4
ORD00873,2026-05-17,Hyderabad,Product_3,Lab Tests,3125.97,463.67,2
ORD00874,2026-05-18,Hyderabad,Product_4,Medical Devices,3125.97,477.63,4
ORD00875,2026-05-19,Hyderabad,Product_5,OTC Medicines,3125.97,465.58,2
ORD00876,2026-05-20,Hyderabad,Product_6,Personal Care,3125.97,462.31,4
ORD00877,2026-05-21,Hyderabad,Product_7,Prescription Medicines,3125.97,473.47,2
ORD00878,2026-05-22,Hyderabad,Product_8,Wellness & Nutrition,3125.97,471.64,4
ORD00879,2026-05-23,Hyderabad,Product_9,Lab Tests,3125.97,463.67,2
ORD00880,2026-05-24,Hyderabad,Product_10,Medical Devices,3125.97,477.63,4
ORD00881,2026-05-25,Hyderabad,Product_11,OTC Medicines,3125.97,465.58,2
ORD00882,2026-05-26,Hyderabad,Product_12,Personal Care,3125.97,462.31,4
ORD00883,2026-05-27,Hyderabad,Product_13,Prescription Medicines,3125.97,473.47,2
ORD00884,2026-05-28,Hyderabad,Product_14,Wellness & Nutrition,3125.97,471.64,4
ORD00885,2026-05-01,Hyderabad,Product_15,Lab Tests,3125.97,463.67,2
ORD00886,2026-05-02,Hyderabad,Product_16,Medical Devices,3125.97,477.63,4
ORD00887,2026-05-03,Hyderabad,Product_17,OTC Medicines,3125.97,465.58,2
ORD00888,2026-05-04,Hyderabad,Product_18,Personal Care,3125.97,462.31,4
ORD00889,2026-05-05,Hyderabad,Product_19,Prescription Medicines,3125.97,473.47,2
ORD00890,2026-05-06,Hyderabad,Product_20,Wellness & Nutrition,3125.97,471.64,4
ORD00891,2026-05-07,Hyderabad,Product_21,Lab Tests,3125.97,463.67,2
ORD00892,2026-05-08,Hyderabad,Product_22,Medical Devices,3125.97,477.63,4
ORD00893,2026-05-09,Hyderabad,Product_23,OTC Medicines,3125.97,465.58,2
ORD00894,2026-05-10,Hyderabad,Product_24,Personal Care,3125.97,462.31,4
ORD00895,2026-05-11,Hyderabad,Product_25,Prescription Medicines,3125.97,473.47,2
ORD00896,2026-05-12,Hyderabad,Product_26,Wellness & Nutrition,3125.97,471.64,4
ORD00897,2026-05-13,Hyderabad,Product_27,Lab Tests,3125.97,463.67,2
ORD00898,2026-05-14,Hyderabad,Product_28,Medical Devices,3125.97,477.63,4
ORD00899,2026-05-15,Hyderabad,Product_29,OTC Medicines,3125.97,465.58,2
ORD00900,2026-05-16,Hyderabad,Product_30,Personal Care,3125.97,462.31,4
ORD00901,2026-05-17,Hyderabad,Product_1,Prescription Medicines,3125.97,473.47,2
ORD00902,2026-05-18,Hyderabad,Product_2,Wellness & Nutrition,3125.97,471.64,4
ORD00903,2026-05-19,Hyderabad,Product_3,Lab Tests,3125.97,463.67,2
ORD00904,2026-05-20,Hyderabad,Product_4,Medical Devices,3125.97,477.63,4
ORD00905,2026-05-21,Hyderabad,Product_5,OTC Medicines,3125.97,465.58,2
ORD00906,2026-05-22,Hyderabad,Product_6,Personal Care,3125.97,462.31,4
ORD00907,2026-05-23,Hyderabad,Product_7,Prescription Medicines,3125.97,473.47,2
ORD00908,2026-05-24,Hyderabad,Product_8,Wellness & Nutrition,3125.97,471.64,4
ORD00909,2026-05-25,Hyderabad,Product_9,Lab Tests,3125.97,463.67,2
ORD00910,2026-05-26,Hyderabad,Product_10,Medical Devices,3125.97,477.63,4
ORD00911,2026-05-27,Hyderabad,Product_11,OTC Medicines,3125.97,465.58,2
ORD00912,2026-05-28,Hyderabad,Product_12,Personal Care,3125.97,462.31,4
ORD00913,2026-05-01,Hyderabad,Product_13,Prescription Medicines,3125.97,473.47,2
ORD00914,2026-05-02,Hyderabad,Product_14,Wellness & Nutrition,3125.97,471.64,4
ORD00915,2026-05-03,Hyderabad,Product_15,Lab Tests,3125.97,463.67,2
ORD00916,2026-05-04,Hyderabad,Product_16,Medical Devices,3125.97,477.63,4
ORD00917,2026-05-05,Hyderabad,Product_17,OTC Medicines,3125.97,465.58,2
ORD00918,2026-05-06,Hyderabad,Product_18,Personal Care,3125.97,462.31,4
ORD00919,2026-05-07,Hyderabad,Product_19,Prescription Medicines,3125.97,473.47,2
ORD00920,2026-05-08,Hyderabad,Product_20,Wellness & Nutrition,3125.97,471.64,4
ORD00921,2026-05-09,Hyderabad,Product_21,Lab Tests,3125.97,463.67,2
ORD00922,2026-05-10,Hyderabad,Product_22,Medical Devices,3125.97,477.63,4
ORD00923,2026-05-11,Hyderabad,Product_23,OTC Medicines,3125.97,465.58,2
ORD00924,2026-05-12,Hyderabad,Product_24,Personal Care,3125.97,462.31,4
ORD00925,2026-05-13,Hyderabad,Product_25,Prescription Medicines,3125.97,473.47,2
ORD00926,2026-05-14,Hyderabad,Product_26,Wellness & Nutrition,3125.97,471.64,4
ORD00927,2026-05-15,Hyderabad,Product_27,Lab Tests,3125.97,463.67,2
ORD00928,2026-05-16,Hyderabad,Product_28,Medical Devices,3125.97,477.63,4
ORD00929,2026-05-17,Hyderabad,Product_29,OTC Medicines,3125.97,465.58,2
ORD00930,2026-05-18,Hyderabad,Product_30,Personal Care,3125.97,462.31,4
ORD00931,2026-05-19,Hyderabad,Product_1,Prescription Medicines,3125.97,473.47,2
ORD00932,2026-05-20,Hyderabad,Product_2,Wellness & Nutrition,3125.97,471.64,4
ORD00933,2026-05-21,Hyderabad,Product_3,Lab Tests,3125.97,463.67,2
ORD00934,2026-05-22,Hyderabad,Product_4,Medical Devices,3125.59,477.57,4
ORD00935,2026-05-01,Karimnagar,Product_5,Personal Care,789.56,116.77,4
ORD00936,2026-05-02,Karimnagar,Product_6,Prescription Medicines,789.56,119.59,2
ORD00937,2026-05-03,Karimnagar,Product_7,Wellness & Nutrition,789.56,119.13,4
ORD00938,2026-05-04,Karimnagar,Product_8,Lab Tests,789.56,117.11,2
ORD00939,2026-05-05,Karimnagar,Product_9,Medical Devices,789.56,120.64,4
ORD00940,2026-05-06,Karimnagar,Product_10,OTC Medicines,789.56,117.6,2
ORD00941,2026-05-07,Karimnagar,Product_11,Personal Care,789.56,116.77,4
ORD00942,2026-05-08,Karimnagar,Product_12,Prescription Medicines,789.56,119.59,2
ORD00943,2026-05-09,Karimnagar,Product_13,Wellness & Nutrition,789.56,119.13,4
ORD00944,2026-05-10,Karimnagar,Product_14,Lab Tests,789.56,117.11,2
ORD00945,2026-05-11,Karimnagar,Product_15,Medical Devices,789.56,120.64,4
ORD00946,2026-05-12,Karimnagar,Product_16,OTC Medicines,789.56,117.6,2
ORD00947,2026-05-13,Karimnagar,Product_17,Personal Care,789.56,116.77,4
ORD00948,2026-05-14,Karimnagar,Product_18,Prescription Medicines,789.56,119.59,2
ORD00949,2026-05-15,Karimnagar,Product_19,Wellness & Nutrition,789.56,119.13,4
ORD00950,2026-05-16,Karimnagar,Product_20,Lab Tests,789.56,117.11,2
ORD00951,2026-05-17,Karimnagar,Product_21,Medical Devices,789.56,120.64,4
ORD00952,2026-05-18,Karimnagar,Product_22,OTC Medicines,789.56,117.6,2
ORD00953,2026-05-19,Karimnagar,Product_23,Personal Care,789.56,116.77,4
ORD00954,2026-05-20,Karimnagar,Product_24,Prescription Medicines,789.56,119.59,2
ORD00955,2026-05-21,Karimnagar,Product_25,Wellness & Nutrition,789.56,119.13,4
ORD00956,2026-05-22,Karimnagar,Product_26,Lab Tests,789.56,117.11,2
ORD00957,2026-05-23,Karimnagar,Product_27,Medical Devices,789.56,120.64,4
ORD00958,2026-05-24,Karimnagar,Product_28,OTC Medicines,789.56,117.6,2
ORD00959,2026-05-25,Karimnagar,Product_29,Personal Care,789.56,116.77,4
ORD00960,2026-05-26,Karimnagar,Product_30,Prescription Medicines,789.56,119.59,2
ORD00961,2026-05-27,Karimnagar,Product_1,Wellness & Nutrition,789.56,119.13,4
ORD00962,2026-05-28,Karimnagar,Product_2,Lab Tests,789.56,117.11,2
ORD00963,2026-05-01,Karimnagar,Product_3,Medical Devices,789.56,120.64,4
ORD00964,2026-05-02,Karimnagar,Product_4,OTC Medicines,789.56,117.6,2
ORD00965,2026-05-03,Karimnagar,Product_5,Personal Care,789.56,116.77,4
ORD00966,2026-05-04,Karimnagar,Product_6,Prescription Medicines,789.56,119.59,2
ORD00967,2026-05-05,Karimnagar,Product_7,Wellness & Nutrition,789.56,119.13,4
ORD00968,2026-05-06,Karimnagar,Product_8,Lab Tests,789.56,117.11,2
ORD00969,2026-05-07,Karimnagar,Product_9,Medical Devices,789.56,120.64,4
ORD00970,2026-05-08,Karimnagar,Product_10,OTC Medicines,789.56,117.6,2
ORD00971,2026-05-09,Karimnagar,Product_11,Personal Care,789.56,116.77,4
ORD00972,2026-05-10,Karimnagar,Product_12,Prescription Medicines,789.56,119.59,2
ORD00973,2026-05-11,Karimnagar,Product_13,Wellness & Nutrition,789.56,119.13,4
ORD00974,2026-05-12,Karimnagar,Product_14,Lab Tests,789.56,117.11,2
ORD00975,2026-05-13,Karimnagar,Product_15,Medical Devices,789.56,120.64,4
ORD00976,2026-05-14,Karimnagar,Product_16,OTC Medicines,789.56,117.6,2
ORD00977,2026-05-15,Karimnagar,Product_17,Personal Care,789.56,116.77,4
ORD00978,2026-05-16,Karimnagar,Product_18,Prescription Medicines,789.56,119.59,2
ORD00979,2026-05-17,Karimnagar,Product_19,Wellness & Nutrition,789.56,119.13,4
ORD00980,2026-05-18,Karimnagar,Product_20,Lab Tests,789.56,117.11,2
ORD00981,2026-05-19,Karimnagar,Product_21,Medical Devices,789.56,120.64,4
ORD00982,2026-05-20,Karimnagar,Product_22,OTC Medicines,789.56,117.6,2
ORD00983,2026-05-21,Karimnagar,Product_23,Personal Care,789.56,116.77,4
ORD00984,2026-05-22,Karimnagar,Product_24,Prescription Medicines,789.56,119.59,2
ORD00985,2026-05-23,Karimnagar,Product_25,Wellness & Nutrition,789.56,119.13,4
ORD00986,2026-05-24,Karimnagar,Product_26,Lab Tests,789.56,117.11,2
ORD00987,2026-05-25,Karimnagar,Product_27,Medical Devices,789.56,120.64,4
ORD00988,2026-05-26,Karimnagar,Product_28,OTC Medicines,789.56,117.6,2
ORD00989,2026-05-27,Karimnagar,Product_29,Personal Care,789.56,116.77,4
ORD00990,2026-05-28,Karimnagar,Product_30,Prescription Medicines,789.56,119.59,2
ORD00991,2026-05-01,Karimnagar,Product_1,Wellness & Nutrition,789.56,119.13,4
ORD00992,2026-05-02,Karimnagar,Product_2,Lab Tests,789.56,117.11,2
ORD00993,2026-05-03,Karimnagar,Product_3,Medical Devices,789.56,120.64,4
ORD00994,2026-05-04,Karimnagar,Product_4,OTC Medicines,789.56,117.6,2
ORD00995,2026-05-05,Karimnagar,Product_5,Personal Care,789.56,116.77,4
ORD00996,2026-05-06,Karimnagar,Product_6,Prescription Medicines,789.56,119.59,2
ORD00997,2026-05-07,Karimnagar,Product_7,Wellness & Nutrition,789.56,119.13,4
ORD00998,2026-05-08,Karimnagar,Product_8,Lab Tests,789.56,117.11,2
ORD00999,2026-05-09,Karimnagar,Product_9,Medical Devices,789.56,120.64,4
ORD01000,2026-05-10,Karimnagar,Product_10,OTC Medicines,789.56,117.6,2
ORD01001,2026-05-11,Karimnagar,Product_11,Personal Care,789.56,116.77,4
ORD01002,2026-05-12,Karimnagar,Product_12,Prescription Medicines,789.56,119.59,2
ORD01003,2026-05-13,Karimnagar,Product_13,Wellness & Nutrition,789.56,119.13,4
ORD01004,2026-05-14,Karimnagar,Product_14,Lab Tests,789.56,117.11,2
ORD01005,2026-05-15,Karimnagar,Product_15,Medical Devices,789.56,120.64,4
ORD01006,2026-05-16,Karimnagar,Product_16,OTC Medicines,789.56,117.6,2
ORD01007,2026-05-17,Karimnagar,Product_17,Personal Care,789.56,116.77,4
ORD01008,2026-05-18,Karimnagar,Product_18,Prescription Medicines,789.56,119.59,2
ORD01009,2026-05-19,Karimnagar,Product_19,Wellness & Nutrition,789.56,119.13,4
ORD01010,2026-05-20,Karimnagar,Product_20,Lab Tests,789.56,117.11,2
ORD01011,2026-05-21,Karimnagar,Product_21,Medical Devices,789.56,120.64,4
ORD01012,2026-05-22,Karimnagar,Product_22,OTC Medicines,789.78,117.63,2
ORD01013,2026-05-01,Nellore,Product_23,Prescription Medicines,1169.04,177.07,2
ORD01014,2026-05-02,Nellore,Product_24,Wellness & Nutrition,1169.04,176.38,4
ORD01015,2026-05-03,Nellore,Product_25,Lab Tests,1169.04,173.4,2
ORD01016,2026-05-04,Nellore,Product_26,Medical Devices,1169.04,178.62,4
ORD01017,2026-05-05,Nellore,Product_27,OTC Medicines,1169.04,174.11,2
ORD01018,2026-05-06,Nellore,Product_28,Personal Care,1169.04,172.89,4
ORD01019,2026-05-07,Nellore,Product_29,Prescription Medicines,1169.04,177.07,2
ORD01020,2026-05-08,Nellore,Product_30,Wellness & Nutrition,1169.04,176.38,4
ORD01021,2026-05-09,Nellore,Product_1,Lab Tests,1169.04,173.4,2
ORD01022,2026-05-10,Nellore,Product_2,Medical Devices,1169.04,178.62,4
ORD01023,2026-05-11,Nellore,Product_3,OTC Medicines,1169.04,174.11,2
ORD01024,2026-05-12,Nellore,Product_4,Personal Care,1169.04,172.89,4
ORD01025,2026-05-13,Nellore,Product_5,Prescription Medicines,1169.04,177.07,2
ORD01026,2026-05-14,Nellore,Product_6,Wellness & Nutrition,1169.04,176.38,4
ORD01027,2026-05-15,Nellore,Product_7,Lab Tests,1169.04,173.4,2
ORD01028,2026-05-16,Nellore,Product_8,Medical Devices,1169.04,178.62,4
ORD01029,2026-05-17,Nellore,Product_9,OTC Medicines,1169.04,174.11,2
ORD01030,2026-05-18,Nellore,Product_10,Personal Care,1169.04,172.89,4
ORD01031,2026-05-19,Nellore,Product_11,Prescription Medicines,1169.04,177.07,2
ORD01032,2026-05-20,Nellore,Product_12,Wellness & Nutrition,1169.04,176.38,4
ORD01033,2026-05-21,Nellore,Product_13,Lab Tests,1169.04,173.4,2
ORD01034,2026-05-22,Nellore,Product_14,Medical Devices,1169.04,178.62,4
ORD01035,2026-05-23,Nellore,Product_15,OTC Medicines,1169.04,174.11,2
ORD01036,2026-05-24,Nellore,Product_16,Personal Care,1169.04,172.89,4
ORD01037,2026-05-25,Nellore,Product_17,Prescription Medicines,1169.04,177.07,2
ORD01038,2026-05-26,Nellore,Product_18,Wellness & Nutrition,1169.04,176.38,4
ORD01039,2026-05-27,Nellore,Product_19,Lab Tests,1169.04,173.4,2
ORD01040,2026-05-28,Nellore,Product_20,Medical Devices,1169.04,178.62,4
ORD01041,2026-05-01,Nellore,Product_21,OTC Medicines,1169.04,174.11,2
ORD01042,2026-05-02,Nellore,Product_22,Personal Care,1169.04,172.89,4
ORD01043,2026-05-03,Nellore,Product_23,Prescription Medicines,1169.04,177.07,2
ORD01044,2026-05-04,Nellore,Product_24,Wellness & Nutrition,1169.04,176.38,4
ORD01045,2026-05-05,Nellore,Product_25,Lab Tests,1169.04,173.4,2
ORD01046,2026-05-06,Nellore,Product_26,Medical Devices,1169.04,178.62,4
ORD01047,2026-05-07,Nellore,Product_27,OTC Medicines,1169.04,174.11,2
ORD01048,2026-05-08,Nellore,Product_28,Personal Care,1169.04,172.89,4
ORD01049,2026-05-09,Nellore,Product_29,Prescription Medicines,1169.04,177.07,2
ORD01050,2026-05-10,Nellore,Product_30,Wellness & Nutrition,1169.04,176.38,4
ORD01051,2026-05-11,Nellore,Product_1,Lab Tests,1169.04,173.4,2
ORD01052,2026-05-12,Nellore,Product_2,Medical Devices,1169.04,178.62,4
ORD01053,2026-05-13,Nellore,Product_3,OTC Medicines,1169.04,174.11,2
ORD01054,2026-05-14,Nellore,Product_4,Personal Care,1169.04,172.89,4
ORD01055,2026-05-15,Nellore,Product_5,Prescription Medicines,1169.04,177.07,2
ORD01056,2026-05-16,Nellore,Product_6,Wellness & Nutrition,1169.04,176.38,4
ORD01057,2026-05-17,Nellore,Product_7,Lab Tests,1169.04,173.4,2
ORD01058,2026-05-18,Nellore,Product_8,Medical Devices,1169.04,178.62,4
ORD01059,2026-05-19,Nellore,Product_9,OTC Medicines,1169.04,174.11,2
ORD01060,2026-05-20,Nellore,Product_10,Personal Care,1169.04,172.89,4
ORD01061,2026-05-21,Nellore,Product_11,Prescription Medicines,1169.04,177.07,2
ORD01062,2026-05-22,Nellore,Product_12,Wellness & Nutrition,1169.04,176.38,4
ORD01063,2026-05-23,Nellore,Product_13,Lab Tests,1169.04,173.4,2
ORD01064,2026-05-24,Nellore,Product_14,Medical Devices,1169.04,178.62,4
ORD01065,2026-05-25,Nellore,Product_15,OTC Medicines,1169.04,174.11,2
ORD01066,2026-05-26,Nellore,Product_16,Personal Care,1169.04,172.89,4
ORD01067,2026-05-27,Nellore,Product_17,Prescription Medicines,1169.04,177.07,2
ORD01068,2026-05-28,Nellore,Product_18,Wellness & Nutrition,1169.04,176.38,4
ORD01069,2026-05-01,Nellore,Product_19,Lab Tests,1169.04,173.4,2
ORD01070,2026-05-02,Nellore,Product_20,Medical Devices,1169.04,178.62,4
ORD01071,2026-05-03,Nellore,Product_21,OTC Medicines,1169.04,174.11,2
ORD01072,2026-05-04,Nellore,Product_22,Personal Care,1169.04,172.89,4
ORD01073,2026-05-05,Nellore,Product_23,Prescription Medicines,1169.04,177.07,2
ORD01074,2026-05-06,Nellore,Product_24,Wellness & Nutrition,1169.04,176.38,4
ORD01075,2026-05-07,Nellore,Product_25,Lab Tests,1169.04,173.4,2
ORD01076,2026-05-08,Nellore,Product_26,Medical Devices,1169.04,178.62,4
ORD01077,2026-05-09,Nellore,Product_27,OTC Medicines,1169.04,174.11,2
ORD01078,2026-05-10,Nellore,Product_28,Personal Care,1169.04,172.89,4
ORD01079,2026-05-11,Nellore,Product_29,Prescription Medicines,1169.04,177.07,2
ORD01080,2026-05-12,Nellore,Product_30,Wellness & Nutrition,1169.04,176.38,4
ORD01081,2026-05-13,Nellore,Product_1,Lab Tests,1169.04,173.4,2
ORD01082,2026-05-14,Nellore,Product_2,Medical Devices,1169.04,178.62,4
ORD01083,2026-05-15,Nellore,Product_3,OTC Medicines,1169.04,174.11,2
ORD01084,2026-05-16,Nellore,Product_4,Personal Care,1169.04,172.89,4
ORD01085,2026-05-17,Nellore,Product_5,Prescription Medicines,1169.04,177.07,2
ORD01086,2026-05-18,Nellore,Product_6,Wellness & Nutrition,1169.04,176.38,4
ORD01087,2026-05-19,Nellore,Product_7,Lab Tests,1169.04,173.4,2
ORD01088,2026-05-20,Nellore,Product_8,Medical Devices,1169.04,178.62,4
ORD01089,2026-05-21,Nellore,Product_9,OTC Medicines,1169.04,174.11,2
ORD01090,2026-05-22,Nellore,Product_10,Personal Care,1168.78,172.85,4
ORD01091,2026-05-01,Tirupati,Product_11,Wellness & Nutrition,1167.73,176.18,4
ORD01092,2026-05-02,Tirupati,Product_12,Lab Tests,1167.73,173.21,2
ORD01093,2026-05-03,Tirupati,Product_13,Medical Devices,1167.73,178.42,4
ORD01094,2026-05-04,Tirupati,Product_14,OTC Medicines,1167.73,173.92,2
ORD01095,2026-05-05,Tirupati,Product_15,Personal Care,1167.73,172.7,4
ORD01096,2026-05-06,Tirupati,Product_16,Prescription Medicines,1167.73,176.87,2
ORD01097,2026-05-07,Tirupati,Product_17,Wellness & Nutrition,1167.73,176.18,4
ORD01098,2026-05-08,Tirupati,Product_18,Lab Tests,1167.73,173.21,2
ORD01099,2026-05-09,Tirupati,Product_19,Medical Devices,1167.73,178.42,4
ORD01100,2026-05-10,Tirupati,Product_20,OTC Medicines,1167.73,173.92,2
ORD01101,2026-05-11,Tirupati,Product_21,Personal Care,1167.73,172.7,4
ORD01102,2026-05-12,Tirupati,Product_22,Prescription Medicines,1167.73,176.87,2
ORD01103,2026-05-13,Tirupati,Product_23,Wellness & Nutrition,1167.73,176.18,4
ORD01104,2026-05-14,Tirupati,Product_24,Lab Tests,1167.73,173.21,2
ORD01105,2026-05-15,Tirupati,Product_25,Medical Devices,1167.73,178.42,4
ORD01106,2026-05-16,Tirupati,Product_26,OTC Medicines,1167.73,173.92,2
ORD01107,2026-05-17,Tirupati,Product_27,Personal Care,1167.73,172.7,4
ORD01108,2026-05-18,Tirupati,Product_28,Prescription Medicines,1167.73,176.87,2
ORD01109,2026-05-19,Tirupati,Product_29,Wellness & Nutrition,1167.73,176.18,4
ORD01110,2026-05-20,Tirupati,Product_30,Lab Tests,1167.73,173.21,2
ORD01111,2026-05-21,Tirupati,Product_1,Medical Devices,1167.73,178.42,4
ORD01112,2026-05-22,Tirupati,Product_2,OTC Medicines,1167.73,173.92,2
ORD01113,2026-05-23,Tirupati,Product_3,Personal Care,1167.73,172.7,4
ORD01114,2026-05-24,Tirupati,Product_4,Prescription Medicines,1167.73,176.87,2
ORD01115,2026-05-25,Tirupati,Product_5,Wellness & Nutrition,1167.73,176.18,4
ORD01116,2026-05-26,Tirupati,Product_6,Lab Tests,1167.73,173.21,2
ORD01117,2026-05-27,Tirupati,Product_7,Medical Devices,1167.73,178.42,4
ORD01118,2026-05-28,Tirupati,Product_8,OTC Medicines,1167.73,173.92,2
ORD01119,2026-05-01,Tirupati,Product_9,Personal Care,1167.73,172.7,4
ORD01120,2026-05-02,Tirupati,Product_10,Prescription Medicines,1167.73,176.87,2
ORD01121,2026-05-03,Tirupati,Product_11,Wellness & Nutrition,1167.73,176.18,4
ORD01122,2026-05-04,Tirupati,Product_12,Lab Tests,1167.73,173.21,2
ORD01123,2026-05-05,Tirupati,Product_13,Medical Devices,1167.73,178.42,4
ORD01124,2026-05-06,Tirupati,Product_14,OTC Medicines,1167.73,173.92,2
ORD01125,2026-05-07,Tirupati,Product_15,Personal Care,1167.73,172.7,4
ORD01126,2026-05-08,Tirupati,Product_16,Prescription Medicines,1167.73,176.87,2
ORD01127,2026-05-09,Tirupati,Product_17,Wellness & Nutrition,1167.73,176.18,4
ORD01128,2026-05-10,Tirupati,Product_18,Lab Tests,1167.73,173.21,2
ORD01129,2026-05-11,Tirupati,Product_19,Medical Devices,1167.73,178.42,4
ORD01130,2026-05-12,Tirupati,Product_20,OTC Medicines,1167.73,173.92,2
ORD01131,2026-05-13,Tirupati,Product_21,Personal Care,1167.73,172.7,4
ORD01132,2026-05-14,Tirupati,Product_22,Prescription Medicines,1167.73,176.87,2
ORD01133,2026-05-15,Tirupati,Product_23,Wellness & Nutrition,1167.73,176.18,4
ORD01134,2026-05-16,Tirupati,Product_24,Lab Tests,1167.73,173.21,2
ORD01135,2026-05-17,Tirupati,Product_25,Medical Devices,1167.73,178.42,4
ORD01136,2026-05-18,Tirupati,Product_26,OTC Medicines,1167.73,173.92,2
ORD01137,2026-05-19,Tirupati,Product_27,Personal Care,1167.73,172.7,4
ORD01138,2026-05-20,Tirupati,Product_28,Prescription Medicines,1167.73,176.87,2
ORD01139,2026-05-21,Tirupati,Product_29,Wellness & Nutrition,1167.73,176.18,4
ORD01140,2026-05-22,Tirupati,Product_30,Lab Tests,1167.73,173.21,2
ORD01141,2026-05-23,Tirupati,Product_1,Medical Devices,1167.73,178.42,4
ORD01142,2026-05-24,Tirupati,Product_2,OTC Medicines,1167.73,173.92,2
ORD01143,2026-05-25,Tirupati,Product_3,Personal Care,1167.73,172.7,4
ORD01144,2026-05-26,Tirupati,Product_4,Prescription Medicines,1167.73,176.87,2
ORD01145,2026-05-27,Tirupati,Product_5,Wellness & Nutrition,1167.73,176.18,4
ORD01146,2026-05-28,Tirupati,Product_6,Lab Tests,1167.73,173.21,2
ORD01147,2026-05-01,Tirupati,Product_7,Medical Devices,1167.73,178.42,4
ORD01148,2026-05-02,Tirupati,Product_8,OTC Medicines,1167.73,173.92,2
ORD01149,2026-05-03,Tirupati,Product_9,Personal Care,1167.73,172.7,4
ORD01150,2026-05-04,Tirupati,Product_10,Prescription Medicines,1167.73,176.87,2
ORD01151,2026-05-05,Tirupati,Product_11,Wellness & Nutrition,1167.73,176.18,4
ORD01152,2026-05-06,Tirupati,Product_12,Lab Tests,1167.73,173.21,2
ORD01153,2026-05-07,Tirupati,Product_13,Medical Devices,1167.73,178.42,4
ORD01154,2026-05-08,Tirupati,Product_14,OTC Medicines,1167.73,173.92,2
ORD01155,2026-05-09,Tirupati,Product_15,Personal Care,1167.73,172.7,4
ORD01156,2026-05-10,Tirupati,Product_16,Prescription Medicines,1167.73,176.87,2
ORD01157,2026-05-11,Tirupati,Product_17,Wellness & Nutrition,1167.73,176.18,4
ORD01158,2026-05-12,Tirupati,Product_18,Lab Tests,1167.73,173.21,2
ORD01159,2026-05-13,Tirupati,Product_19,Medical Devices,1167.73,178.42,4
ORD01160,2026-05-14,Tirupati,Product_20,OTC Medicines,1167.73,173.92,2
ORD01161,2026-05-15,Tirupati,Product_21,Personal Care,1167.73,172.7,4
ORD01162,2026-05-16,Tirupati,Product_22,Prescription Medicines,1167.73,176.87,2
ORD01163,2026-05-17,Tirupati,Product_23,Wellness & Nutrition,1167.73,176.18,4
ORD01164,2026-05-18,Tirupati,Product_24,Lab Tests,1167.73,173.21,2
ORD01165,2026-05-19,Tirupati,Product_25,Medical Devices,1167.73,178.42,4
ORD01166,2026-05-20,Tirupati,Product_26,OTC Medicines,1167.73,173.92,2
ORD01167,2026-05-21,Tirupati,Product_27,Personal Care,1167.73,172.7,4
ORD01168,2026-05-22,Tirupati,Product_28,Prescription Medicines,1167.99,176.91,2
ORD01169,2026-05-01,Vijayawada,Product_29,Lab Tests,2241.84,332.53,2
ORD01170,2026-05-02,Vijayawada,Product_30,Medical Devices,2241.84,342.54,4
ORD01171,2026-05-03,Vijayawada,Product_1,OTC Medicines,2241.84,333.9,2
ORD01172,2026-05-04,Vijayawada,Product_2,Personal Care,2241.84,331.55,4
ORD01173,2026-05-05,Vijayawada,Product_3,Prescription Medicines,2241.84,339.56,2
ORD01174,2026-05-06,Vijayawada,Product_4,Wellness & Nutrition,2241.84,338.24,4
ORD01175,2026-05-07,Vijayawada,Product_5,Lab Tests,2241.84,332.53,2
ORD01176,2026-05-08,Vijayawada,Product_6,Medical Devices,2241.84,342.54,4
ORD01177,2026-05-09,Vijayawada,Product_7,OTC Medicines,2241.84,333.9,2
ORD01178,2026-05-10,Vijayawada,Product_8,Personal Care,2241.84,331.55,4
ORD01179,2026-05-11,Vijayawada,Product_9,Prescription Medicines,2241.84,339.56,2
ORD01180,2026-05-12,Vijayawada,Product_10,Wellness & Nutrition,2241.84,338.24,4
ORD01181,2026-05-13,Vijayawada,Product_11,Lab Tests,2241.84,332.53,2
ORD01182,2026-05-14,Vijayawada,Product_12,Medical Devices,2241.84,342.54,4
ORD01183,2026-05-15,Vijayawada,Product_13,OTC Medicines,2241.84,333.9,2
ORD01184,2026-05-16,Vijayawada,Product_14,Personal Care,2241.84,331.55,4
ORD01185,2026-05-17,Vijayawada,Product_15,Prescription Medicines,2241.84,339.56,2
ORD01186,2026-05-18,Vijayawada,Product_16,Wellness & Nutrition,2241.84,338.24,4
ORD01187,2026-05-19,Vijayawada,Product_17,Lab Tests,2241.84,332.53,2
ORD01188,2026-05-20,Vijayawada,Product_18,Medical Devices,2241.84,342.54,4
ORD01189,2026-05-21,Vijayawada,Product_19,OTC Medicines,2241.84,333.9,2
ORD01190,2026-05-22,Vijayawada,Product_20,Personal Care,2241.84,331.55,4
ORD01191,2026-05-23,Vijayawada,Product_21,Prescription Medicines,2241.84,339.56,2
ORD01192,2026-05-24,Vijayawada,Product_22,Wellness & Nutrition,2241.84,338.24,4
ORD01193,2026-05-25,Vijayawada,Product_23,Lab Tests,2241.84,332.53,2
ORD01194,2026-05-26,Vijayawada,Product_24,Medical Devices,2241.84,342.54,4
ORD01195,2026-05-27,Vijayawada,Product_25,OTC Medicines,2241.84,333.9,2
ORD01196,2026-05-28,Vijayawada,Product_26,Personal Care,2241.84,331.55,4
ORD01197,2026-05-01,Vijayawada,Product_27,Prescription Medicines,2241.84,339.56,2
ORD01198,2026-05-02,Vijayawada,Product_28,Wellness & Nutrition,2241.84,338.24,4
ORD01199,2026-05-03,Vijayawada,Product_29,Lab Tests,2241.84,332.53,2
ORD01200,2026-05-04,Vijayawada,Product_30,Medical Devices,2241.84,342.54,4
ORD01201,2026-05-05,Vijayawada,Product_1,OTC Medicines,2241.84,333.9,2
ORD01202,2026-05-06,Vijayawada,Product_2,Personal Care,2241.84,331.55,4
ORD01203,2026-05-07,Vijayawada,Product_3,Prescription Medicines,2241.84,339.56,2
ORD01204,2026-05-08,Vijayawada,Product_4,Wellness & Nutrition,2241.84,338.24,4
ORD01205,2026-05-09,Vijayawada,Product_5,Lab Tests,2241.84,332.53,2
ORD01206,2026-05-10,Vijayawada,Product_6,Medical Devices,2241.84,342.54,4
ORD01207,2026-05-11,Vijayawada,Product_7,OTC Medicines,2241.84,333.9,2
ORD01208,2026-05-12,Vijayawada,Product_8,Personal Care,2241.84,331.55,4
ORD01209,2026-05-13,Vijayawada,Product_9,Prescription Medicines,2241.84,339.56,2
ORD01210,2026-05-14,Vijayawada,Product_10,Wellness & Nutrition,2241.84,338.24,4
ORD01211,2026-05-15,Vijayawada,Product_11,Lab Tests,2241.84,332.53,2
ORD01212,2026-05-16,Vijayawada,Product_12,Medical Devices,2241.84,342.54,4
ORD01213,2026-05-17,Vijayawada,Product_13,OTC Medicines,2241.84,333.9,2
ORD01214,2026-05-18,Vijayawada,Product_14,Personal Care,2241.84,331.55,4
ORD01215,2026-05-19,Vijayawada,Product_15,Prescription Medicines,2241.84,339.56,2
ORD01216,2026-05-20,Vijayawada,Product_16,Wellness & Nutrition,2241.84,338.24,4
ORD01217,2026-05-21,Vijayawada,Product_17,Lab Tests,2241.84,332.53,2
ORD01218,2026-05-22,Vijayawada,Product_18,Medical Devices,2241.84,342.54,4
ORD01219,2026-05-23,Vijayawada,Product_19,OTC Medicines,2241.84,333.9,2
ORD01220,2026-05-24,Vijayawada,Product_20,Personal Care,2241.84,331.55,4
ORD01221,2026-05-25,Vijayawada,Product_21,Prescription Medicines,2241.84,339.56,2
ORD01222,2026-05-26,Vijayawada,Product_22,Wellness & Nutrition,2241.84,338.24,4
ORD01223,2026-05-27,Vijayawada,Product_23,Lab Tests,2241.84,332.53,2
ORD01224,2026-05-28,Vijayawada,Product_24,Medical Devices,2241.84,342.54,4
ORD01225,2026-05-01,Vijayawada,Product_25,OTC Medicines,2241.84,333.9,2
ORD01226,2026-05-02,Vijayawada,Product_26,Personal Care,2241.84,331.55,4
ORD01227,2026-05-03,Vijayawada,Product_27,Prescription Medicines,2241.84,339.56,2
ORD01228,2026-05-04,Vijayawada,Product_28,Wellness & Nutrition,2241.84,338.24,4
ORD01229,2026-05-05,Vijayawada,Product_29,Lab Tests,2241.84,332.53,2
ORD01230,2026-05-06,Vijayawada,Product_30,Medical Devices,2241.84,342.54,4
ORD01231,2026-05-07,Vijayawada,Product_1,OTC Medicines,2241.84,333.9,2
ORD01232,2026-05-08,Vijayawada,Product_2,Personal Care,2241.84,331.55,4
ORD01233,2026-05-09,Vijayawada,Product_3,Prescription Medicines,2241.84,339.56,2
ORD01234,2026-05-10,Vijayawada,Product_4,Wellness & Nutrition,2241.84,338.24,4
ORD01235,2026-05-11,Vijayawada,Product_5,Lab Tests,2241.84,332.53,2
ORD01236,2026-05-12,Vijayawada,Product_6,Medical Devices,2241.84,342.54,4
ORD01237,2026-05-13,Vijayawada,Product_7,OTC Medicines,2241.84,333.9,2
ORD01238,2026-05-14,Vijayawada,Product_8,Personal Care,2241.84,331.55,4
ORD01239,2026-05-15,Vijayawada,Product_9,Prescription Medicines,2241.84,339.56,2
ORD01240,2026-05-16,Vijayawada,Product_10,Wellness & Nutrition,2241.84,338.24,4
ORD01241,2026-05-17,Vijayawada,Product_11,Lab Tests,2241.84,332.53,2
ORD01242,2026-05-18,Vijayawada,Product_12,Medical Devices,2241.84,342.54,4
ORD01243,2026-05-19,Vijayawada,Product_13,OTC Medicines,2241.84,333.9,2
ORD01244,2026-05-20,Vijayawada,Product_14,Personal Care,2241.84,331.55,4
ORD01245,2026-05-21,Vijayawada,Product_15,Prescription Medicines,2241.84,339.56,2
ORD01246,2026-05-22,Vijayawada,Product_16,Wellness & Nutrition,2241.89,338.25,4
ORD01247,2026-05-01,Visakhapatnam,Product_17,Medical Devices,648.59,99.1,4
ORD01248,2026-05-02,Visakhapatnam,Product_18,OTC Medicines,648.59,96.6,2
ORD01249,2026-05-03,Visakhapatnam,Product_19,Personal Care,648.59,95.92,4
ORD01250,2026-05-04,Visakhapatnam,Product_20,Prescription Medicines,648.59,98.24,2
ORD01251,2026-05-05,Visakhapatnam,Product_21,Wellness & Nutrition,648.59,97.86,4
ORD01252,2026-05-06,Visakhapatnam,Product_22,Lab Tests,648.59,96.2,2
ORD01253,2026-05-07,Visakhapatnam,Product_23,Medical Devices,648.59,99.1,4
ORD01254,2026-05-08,Visakhapatnam,Product_24,OTC Medicines,648.59,96.6,2
ORD01255,2026-05-09,Visakhapatnam,Product_25,Personal Care,648.59,95.92,4
ORD01256,2026-05-10,Visakhapatnam,Product_26,Prescription Medicines,648.59,98.24,2
ORD01257,2026-05-11,Visakhapatnam,Product_27,Wellness & Nutrition,648.59,97.86,4
ORD01258,2026-05-12,Visakhapatnam,Product_28,Lab Tests,648.59,96.2,2
ORD01259,2026-05-13,Visakhapatnam,Product_29,Medical Devices,648.59,99.1,4
ORD01260,2026-05-14,Visakhapatnam,Product_30,OTC Medicines,648.59,96.6,2
ORD01261,2026-05-15,Visakhapatnam,Product_1,Personal Care,648.59,95.92,4
ORD01262,2026-05-16,Visakhapatnam,Product_2,Prescription Medicines,648.59,98.24,2
ORD01263,2026-05-17,Visakhapatnam,Product_3,Wellness & Nutrition,648.59,97.86,4
ORD01264,2026-05-18,Visakhapatnam,Product_4,Lab Tests,648.59,96.2,2
ORD01265,2026-05-19,Visakhapatnam,Product_5,Medical Devices,648.59,99.1,4
ORD01266,2026-05-20,Visakhapatnam,Product_6,OTC Medicines,648.59,96.6,2
ORD01267,2026-05-21,Visakhapatnam,Product_7,Personal Care,648.59,95.92,4
ORD01268,2026-05-22,Visakhapatnam,Product_8,Prescription Medicines,648.59,98.24,2
ORD01269,2026-05-23,Visakhapatnam,Product_9,Wellness & Nutrition,648.59,97.86,4
ORD01270,2026-05-24,Visakhapatnam,Product_10,Lab Tests,648.59,96.2,2
ORD01271,2026-05-25,Visakhapatnam,Product_11,Medical Devices,648.59,99.1,4
ORD01272,2026-05-26,Visakhapatnam,Product_12,OTC Medicines,648.59,96.6,2
ORD01273,2026-05-27,Visakhapatnam,Product_13,Personal Care,648.59,95.92,4
ORD01274,2026-05-28,Visakhapatnam,Product_14,Prescription Medicines,648.59,98.24,2
ORD01275,2026-05-01,Visakhapatnam,Product_15,Wellness & Nutrition,648.59,97.86,4
ORD01276,2026-05-02,Visakhapatnam,Product_16,Lab Tests,648.59,96.2,2
ORD01277,2026-05-03,Visakhapatnam,Product_17,Medical Devices,648.59,99.1,4
ORD01278,2026-05-04,Visakhapatnam,Product_18,OTC Medicines,648.59,96.6,2
ORD01279,2026-05-05,Visakhapatnam,Product_19,Personal Care,648.59,95.92,4
ORD01280,2026-05-06,Visakhapatnam,Product_20,Prescription Medicines,648.59,98.24,2
ORD01281,2026-05-07,Visakhapatnam,Product_21,Wellness & Nutrition,648.59,97.86,4
ORD01282,2026-05-08,Visakhapatnam,Product_22,Lab Tests,648.59,96.2,2
ORD01283,2026-05-09,Visakhapatnam,Product_23,Medical Devices,648.59,99.1,4
ORD01284,2026-05-10,Visakhapatnam,Product_24,OTC Medicines,648.59,96.6,2
ORD01285,2026-05-11,Visakhapatnam,Product_25,Personal Care,648.59,95.92,4
ORD01286,2026-05-12,Visakhapatnam,Product_26,Prescription Medicines,648.59,98.24,2
ORD01287,2026-05-13,Visakhapatnam,Product_27,Wellness & Nutrition,648.59,97.86,4
ORD01288,2026-05-14,Visakhapatnam,Product_28,Lab Tests,648.59,96.2,2
ORD01289,2026-05-15,Visakhapatnam,Product_29,Medical Devices,648.59,99.1,4
ORD01290,2026-05-16,Visakhapatnam,Product_30,OTC Medicines,648.59,96.6,2
ORD01291,2026-05-17,Visakhapatnam,Product_1,Personal Care,648.59,95.92,4
ORD01292,2026-05-18,Visakhapatnam,Product_2,Prescription Medicines,648.59,98.24,2
ORD01293,2026-05-19,Visakhapatnam,Product_3,Wellness & Nutrition,648.59,97.86,4
ORD01294,2026-05-20,Visakhapatnam,Product_4,Lab Tests,648.59,96.2,2
ORD01295,2026-05-21,Visakhapatnam,Product_5,Medical Devices,648.59,99.1,4
ORD01296,2026-05-22,Visakhapatnam,Product_6,OTC Medicines,648.59,96.6,2
ORD01297,2026-05-23,Visakhapatnam,Product_7,Personal Care,648.59,95.92,4
ORD01298,2026-05-24,Visakhapatnam,Product_8,Prescription Medicines,648.59,98.24,2
ORD01299,2026-05-25,Visakhapatnam,Product_9,Wellness & Nutrition,648.59,97.86,4
ORD01300,2026-05-26,Visakhapatnam,Product_10,Lab Tests,648.59,96.2,2
ORD01301,2026-05-27,Visakhapatnam,Product_11,Medical Devices,648.59,99.1,4
ORD01302,2026-05-28,Visakhapatnam,Product_12,OTC Medicines,648.59,96.6,2
ORD01303,2026-05-01,Visakhapatnam,Product_13,Personal Care,648.59,95.92,4
ORD01304,2026-05-02,Visakhapatnam,Product_14,Prescription Medicines,648.59,98.24,2
ORD01305,2026-05-03,Visakhapatnam,Product_15,Wellness & Nutrition,648.59,97.86,4
ORD01306,2026-05-04,Visakhapatnam,Product_16,Lab Tests,648.59,96.2,2
ORD01307,2026-05-05,Visakhapatnam,Product_17,Medical Devices,648.59,99.1,4
ORD01308,2026-05-06,Visakhapatnam,Product_18,OTC Medicines,648.59,96.6,2
ORD01309,2026-05-07,Visakhapatnam,Product_19,Personal Care,648.59,95.92,4
ORD01310,2026-05-08,Visakhapatnam,Product_20,Prescription Medicines,648.59,98.24,2
ORD01311,2026-05-09,Visakhapatnam,Product_21,Wellness & Nutrition,648.59,97.86,4
ORD01312,2026-05-10,Visakhapatnam,Product_22,Lab Tests,648.59,96.2,2
ORD01313,2026-05-11,Visakhapatnam,Product_23,Medical Devices,648.59,99.1,4
ORD01314,2026-05-12,Visakhapatnam,Product_24,OTC Medicines,648.59,96.6,2
ORD01315,2026-05-13,Visakhapatnam,Product_25,Personal Care,648.59,95.92,4
ORD01316,2026-05-14,Visakhapatnam,Product_26,Prescription Medicines,648.59,98.24,2
ORD01317,2026-05-15,Visakhapatnam,Product_27,Wellness & Nutrition,648.59,97.86,4
ORD01318,2026-05-16,Visakhapatnam,Product_28,Lab Tests,648.59,96.2,2
ORD01319,2026-05-17,Visakhapatnam,Product_29,Medical Devices,648.59,99.1,4
ORD01320,2026-05-18,Visakhapatnam,Product_30,OTC Medicines,648.59,96.6,2
ORD01321,2026-05-19,Visakhapatnam,Product_1,Personal Care,648.59,95.92,4
ORD01322,2026-05-20,Visakhapatnam,Product_2,Prescription Medicines,648.59,98.24,2
ORD01323,2026-05-21,Visakhapatnam,Product_3,Wellness & Nutrition,648.59,97.86,4
ORD01324,2026-05-22,Visakhapatnam,Product_4,Lab Tests,648.65,96.21,2
ORD01325,2026-05-01,Warangal,Product_5,OTC Medicines,1030.78,153.52,2
ORD01326,2026-05-02,Warangal,Product_6,Personal Care,1030.78,152.45,4
ORD01327,2026-05-03,Warangal,Product_7,Prescription Medicines,1030.78,156.13,2
ORD01328,2026-05-04,Warangal,Product_8,Wellness & Nutrition,1030.78,155.52,4
ORD01329,2026-05-05,Warangal,Product_9,Lab Tests,1030.78,152.89,2
ORD01330,2026-05-06,Warangal,Product_10,Medical Devices,1030.78,157.5,4
ORD01331,2026-05-07,Warangal,Product_11,OTC Medicines,1030.78,153.52,2
ORD01332,2026-05-08,Warangal,Product_12,Personal Care,1030.78,152.45,4
ORD01333,2026-05-09,Warangal,Product_13,Prescription Medicines,1030.78,156.13,2
ORD01334,2026-05-10,Warangal,Product_14,Wellness & Nutrition,1030.78,155.52,4
ORD01335,2026-05-11,Warangal,Product_15,Lab Tests,1030.78,152.89,2
ORD01336,2026-05-12,Warangal,Product_16,Medical Devices,1030.78,157.5,4
ORD01337,2026-05-13,Warangal,Product_17,OTC Medicines,1030.78,153.52,2
ORD01338,2026-05-14,Warangal,Product_18,Personal Care,1030.78,152.45,4
ORD01339,2026-05-15,Warangal,Product_19,Prescription Medicines,1030.78,156.13,2
ORD01340,2026-05-16,Warangal,Product_20,Wellness & Nutrition,1030.78,155.52,4
ORD01341,2026-05-17,Warangal,Product_21,Lab Tests,1030.78,152.89,2
ORD01342,2026-05-18,Warangal,Product_22,Medical Devices,1030.78,157.5,4
ORD01343,2026-05-19,Warangal,Product_23,OTC Medicines,1030.78,153.52,2
ORD01344,2026-05-20,Warangal,Product_24,Personal Care,1030.78,152.45,4
ORD01345,2026-05-21,Warangal,Product_25,Prescription Medicines,1030.78,156.13,2
ORD01346,2026-05-22,Warangal,Product_26,Wellness & Nutrition,1030.78,155.52,4
ORD01347,2026-05-23,Warangal,Product_27,Lab Tests,1030.78,152.89,2
ORD01348,2026-05-24,Warangal,Product_28,Medical Devices,1030.78,157.5,4
ORD01349,2026-05-25,Warangal,Product_29,OTC Medicines,1030.78,153.52,2
ORD01350,2026-05-26,Warangal,Product_30,Personal Care,1030.78,152.45,4
ORD01351,2026-05-27,Warangal,Product_1,Prescription Medicines,1030.78,156.13,2
ORD01352,2026-05-28,Warangal,Product_2,Wellness & Nutrition,1030.78,155.52,4
ORD01353,2026-05-01,Warangal,Product_3,Lab Tests,1030.78,152.89,2
ORD01354,2026-05-02,Warangal,Product_4,Medical Devices,1030.78,157.5,4
ORD01355,2026-05-03,Warangal,Product_5,OTC Medicines,1030.78,153.52,2
ORD01356,2026-05-04,Warangal,Product_6,Personal Care,1030.78,152.45,4
ORD01357,2026-05-05,Warangal,Product_7,Prescription Medicines,1030.78,156.13,2
ORD01358,2026-05-06,Warangal,Product_8,Wellness & Nutrition,1030.78,155.52,4
ORD01359,2026-05-07,Warangal,Product_9,Lab Tests,1030.78,152.89,2
ORD01360,2026-05-08,Warangal,Product_10,Medical Devices,1030.78,157.5,4
ORD01361,2026-05-09,Warangal,Product_11,OTC Medicines,1030.78,153.52,2
ORD01362,2026-05-10,Warangal,Product_12,Personal Care,1030.78,152.45,4
ORD01363,2026-05-11,Warangal,Product_13,Prescription Medicines,1030.78,156.13,2
ORD01364,2026-05-12,Warangal,Product_14,Wellness & Nutrition,1030.78,155.52,4
ORD01365,2026-05-13,Warangal,Product_15,Lab Tests,1030.78,152.89,2
ORD01366,2026-05-14,Warangal,Product_16,Medical Devices,1030.78,157.5,4
ORD01367,2026-05-15,Warangal,Product_17,OTC Medicines,1030.78,153.52,2
ORD01368,2026-05-16,Warangal,Product_18,Personal Care,1030.78,152.45,4
ORD01369,2026-05-17,Warangal,Product_19,Prescription Medicines,1030.78,156.13,2
ORD01370,2026-05-18,Warangal,Product_20,Wellness & Nutrition,1030.78,155.52,4
ORD01371,2026-05-19,Warangal,Product_21,Lab Tests,1030.78,152.89,2
ORD01372,2026-05-20,Warangal,Product_22,Medical Devices,1030.78,157.5,4
ORD01373,2026-05-21,Warangal,Product_23,OTC Medicines,1030.78,153.52,2
ORD01374,2026-05-22,Warangal,Product_24,Personal Care,1030.78,152.45,4
ORD01375,2026-05-23,Warangal,Product_25,Prescription Medicines,1030.78,156.13,2
ORD01376,2026-05-24,Warangal,Product_26,Wellness & Nutrition,1030.78,155.52,4
ORD01377,2026-05-25,Warangal,Product_27,Lab Tests,1030.78,152.89,2
ORD01378,2026-05-26,Warangal,Product_28,Medical Devices,1030.78,157.5,4
ORD01379,2026-05-27,Warangal,Product_29,OTC Medicines,1030.78,153.52,2
ORD01380,2026-05-28,Warangal,Product_30,Personal Care,1030.78,152.45,4
ORD01381,2026-05-01,Warangal,Product_1,Prescription Medicines,1030.78,156.13,2
ORD01382,2026-05-02,Warangal,Product_2,Wellness & Nutrition,1030.78,155.52,4
ORD01383,2026-05-03,Warangal,Product_3,Lab Tests,1030.78,152.89,2
ORD01384,2026-05-04,Warangal,Product_4,Medical Devices,1030.78,157.5,4
ORD01385,2026-05-05,Warangal,Product_5,OTC Medicines,1030.78,153.52,2
ORD01386,2026-05-06,Warangal,Product_6,Personal Care,1030.78,152.45,4
ORD01387,2026-05-07,Warangal,Product_7,Prescription Medicines,1030.78,156.13,2
ORD01388,2026-05-08,Warangal,Product_8,Wellness & Nutrition,1030.78,155.52,4
ORD01389,2026-05-09,Warangal,Product_9,Lab Tests,1030.78,152.89,2
ORD01390,2026-05-10,Warangal,Product_10,Medical Devices,1030.78,157.5,4
ORD01391,2026-05-11,Warangal,Product_11,OTC Medicines,1030.78,153.52,2
ORD01392,2026-05-12,Warangal,Product_12,Personal Care,1030.78,152.45,4
ORD01393,2026-05-13,Warangal,Product_13,Prescription Medicines,1030.78,156.13,2
ORD01394,2026-05-14,Warangal,Product_14,Wellness & Nutrition,1030.78,155.52,4
ORD01395,2026-05-15,Warangal,Product_15,Lab Tests,1030.78,152.89,2
ORD01396,2026-05-16,Warangal,Product_16,Medical Devices,1030.78,157.5,4
ORD01397,2026-05-17,Warangal,Product_17,OTC Medicines,1030.78,153.52,2
ORD01398,2026-05-18,Warangal,Product_18,Personal Care,1030.78,152.45,4
ORD01399,2026-05-19,Warangal,Product_19,Prescription Medicines,1030.78,156.13,2
ORD01400,2026-05-20,Warangal,Product_20,Wellness & Nutrition,1030.73,155.51,4
ORD01401,2026-06-01,Bengaluru,Product_21,Wellness & Nutrition,2183.26,329.4,2
ORD01402,2026-06-02,Bengaluru,Product_22,Lab Tests,2183.26,323.84,4
ORD01403,2026-06-03,Bengaluru,Product_23,Medical Devices,2183.26,333.59,2
ORD01404,2026-06-04,Bengaluru,Product_24,OTC Medicines,2183.26,325.17,4
ORD01405,2026-06-05,Bengaluru,Product_25,Personal Care,2183.26,322.89,2
ORD01406,2026-06-06,Bengaluru,Product_26,Prescription Medicines,2183.26,330.68,4
ORD01407,2026-06-07,Bengaluru,Product_27,Wellness & Nutrition,2183.26,329.4,2
ORD01408,2026-06-08,Bengaluru,Product_28,Lab Tests,2183.26,323.84,4
ORD01409,2026-06-09,Bengaluru,Product_29,Medical Devices,2183.26,333.59,2
ORD01410,2026-06-10,Bengaluru,Product_30,OTC Medicines,2183.26,325.17,4
ORD01411,2026-06-11,Bengaluru,Product_1,Personal Care,2183.26,322.89,2
ORD01412,2026-06-12,Bengaluru,Product_2,Prescription Medicines,2183.26,330.68,4
ORD01413,2026-06-13,Bengaluru,Product_3,Wellness & Nutrition,2183.26,329.4,2
ORD01414,2026-06-14,Bengaluru,Product_4,Lab Tests,2183.26,323.84,4
ORD01415,2026-06-15,Bengaluru,Product_5,Medical Devices,2183.26,333.59,2
ORD01416,2026-06-16,Bengaluru,Product_6,OTC Medicines,2183.26,325.17,4
ORD01417,2026-06-17,Bengaluru,Product_7,Personal Care,2183.26,322.89,2
ORD01418,2026-06-18,Bengaluru,Product_8,Prescription Medicines,2183.26,330.68,4
ORD01419,2026-06-19,Bengaluru,Product_9,Wellness & Nutrition,2183.26,329.4,2
ORD01420,2026-06-20,Bengaluru,Product_10,Lab Tests,2183.26,323.84,4
ORD01421,2026-06-21,Bengaluru,Product_11,Medical Devices,2183.26,333.59,2
ORD01422,2026-06-22,Bengaluru,Product_12,OTC Medicines,2183.26,325.17,4
ORD01423,2026-06-23,Bengaluru,Product_13,Personal Care,2183.26,322.89,2
ORD01424,2026-06-24,Bengaluru,Product_14,Prescription Medicines,2183.26,330.68,4
ORD01425,2026-06-25,Bengaluru,Product_15,Wellness & Nutrition,2183.26,329.4,2
ORD01426,2026-06-26,Bengaluru,Product_16,Lab Tests,2183.26,323.84,4
ORD01427,2026-06-27,Bengaluru,Product_17,Medical Devices,2183.26,333.59,2
ORD01428,2026-06-28,Bengaluru,Product_18,OTC Medicines,2183.26,325.17,4
ORD01429,2026-06-01,Bengaluru,Product_19,Personal Care,2183.26,322.89,2
ORD01430,2026-06-02,Bengaluru,Product_20,Prescription Medicines,2183.26,330.68,4
ORD01431,2026-06-03,Bengaluru,Product_21,Wellness & Nutrition,2183.26,329.4,2
ORD01432,2026-06-04,Bengaluru,Product_22,Lab Tests,2183.26,323.84,4
ORD01433,2026-06-05,Bengaluru,Product_23,Medical Devices,2183.26,333.59,2
ORD01434,2026-06-06,Bengaluru,Product_24,OTC Medicines,2183.26,325.17,4
ORD01435,2026-06-07,Bengaluru,Product_25,Personal Care,2183.26,322.89,2
ORD01436,2026-06-08,Bengaluru,Product_26,Prescription Medicines,2183.26,330.68,4
ORD01437,2026-06-09,Bengaluru,Product_27,Wellness & Nutrition,2183.26,329.4,2
ORD01438,2026-06-10,Bengaluru,Product_28,Lab Tests,2183.26,323.84,4
ORD01439,2026-06-11,Bengaluru,Product_29,Medical Devices,2183.26,333.59,2
ORD01440,2026-06-12,Bengaluru,Product_30,OTC Medicines,2183.26,325.17,4
ORD01441,2026-06-13,Bengaluru,Product_1,Personal Care,2183.26,322.89,2
ORD01442,2026-06-14,Bengaluru,Product_2,Prescription Medicines,2183.26,330.68,4
ORD01443,2026-06-15,Bengaluru,Product_3,Wellness & Nutrition,2183.26,329.4,2
ORD01444,2026-06-16,Bengaluru,Product_4,Lab Tests,2183.26,323.84,4
ORD01445,2026-06-17,Bengaluru,Product_5,Medical Devices,2183.26,333.59,2
ORD01446,2026-06-18,Bengaluru,Product_6,OTC Medicines,2183.26,325.17,4
ORD01447,2026-06-19,Bengaluru,Product_7,Personal Care,2183.26,322.89,2
ORD01448,2026-06-20,Bengaluru,Product_8,Prescription Medicines,2183.26,330.68,4
ORD01449,2026-06-21,Bengaluru,Product_9,Wellness & Nutrition,2183.26,329.4,2
ORD01450,2026-06-22,Bengaluru,Product_10,Lab Tests,2183.26,323.84,4
ORD01451,2026-06-23,Bengaluru,Product_11,Medical Devices,2183.26,333.59,2
ORD01452,2026-06-24,Bengaluru,Product_12,OTC Medicines,2183.26,325.17,4
ORD01453,2026-06-25,Bengaluru,Product_13,Personal Care,2183.26,322.89,2
ORD01454,2026-06-26,Bengaluru,Product_14,Prescription Medicines,2183.26,330.68,4
ORD01455,2026-06-27,Bengaluru,Product_15,Wellness & Nutrition,2183.26,329.4,2
ORD01456,2026-06-28,Bengaluru,Product_16,Lab Tests,2183.26,323.84,4
ORD01457,2026-06-01,Bengaluru,Product_17,Medical Devices,2183.26,333.59,2
ORD01458,2026-06-02,Bengaluru,Product_18,OTC Medicines,2183.26,325.17,4
ORD01459,2026-06-03,Bengaluru,Product_19,Personal Care,2183.26,322.89,2
ORD01460,2026-06-04,Bengaluru,Product_20,Prescription Medicines,2183.26,330.68,4
ORD01461,2026-06-05,Bengaluru,Product_21,Wellness & Nutrition,2183.26,329.4,2
ORD01462,2026-06-06,Bengaluru,Product_22,Lab Tests,2183.26,323.84,4
ORD01463,2026-06-07,Bengaluru,Product_23,Medical Devices,2183.26,333.59,2
ORD01464,2026-06-08,Bengaluru,Product_24,OTC Medicines,2183.26,325.17,4
ORD01465,2026-06-09,Bengaluru,Product_25,Personal Care,2183.26,322.89,2
ORD01466,2026-06-10,Bengaluru,Product_26,Prescription Medicines,2183.26,330.68,4
ORD01467,2026-06-11,Bengaluru,Product_27,Wellness & Nutrition,2183.26,329.4,2
ORD01468,2026-06-12,Bengaluru,Product_28,Lab Tests,2183.26,323.84,4
ORD01469,2026-06-13,Bengaluru,Product_29,Medical Devices,2183.26,333.59,2
ORD01470,2026-06-14,Bengaluru,Product_30,OTC Medicines,2183.26,325.17,4
ORD01471,2026-06-15,Bengaluru,Product_1,Personal Care,2183.26,322.89,2
ORD01472,2026-06-16,Bengaluru,Product_2,Prescription Medicines,2183.26,330.68,4
ORD01473,2026-06-17,Bengaluru,Product_3,Wellness & Nutrition,2183.26,329.4,2
ORD01474,2026-06-18,Bengaluru,Product_4,Lab Tests,2183.26,323.84,4
ORD01475,2026-06-19,Bengaluru,Product_5,Medical Devices,2183.26,333.59,2
ORD01476,2026-06-20,Bengaluru,Product_6,OTC Medicines,2183.26,325.17,4
ORD01477,2026-06-21,Bengaluru,Product_7,Personal Care,2183.26,322.89,2
ORD01478,2026-06-22,Bengaluru,Product_8,Prescription Medicines,2183.09,330.66,4
ORD01479,2026-06-01,Guntur,Product_9,Lab Tests,1278.78,189.68,4
ORD01480,2026-06-02,Guntur,Product_10,Medical Devices,1278.78,195.39,2
ORD01481,2026-06-03,Guntur,Product_11,OTC Medicines,1278.78,190.46,4
ORD01482,2026-06-04,Guntur,Product_12,Personal Care,1278.78,189.12,2
ORD01483,2026-06-05,Guntur,Product_13,Prescription Medicines,1278.78,193.69,4
ORD01484,2026-06-06,Guntur,Product_14,Wellness & Nutrition,1278.78,192.94,2
ORD01485,2026-06-07,Guntur,Product_15,Lab Tests,1278.78,189.68,4
ORD01486,2026-06-08,Guntur,Product_16,Medical Devices,1278.78,195.39,2
ORD01487,2026-06-09,Guntur,Product_17,OTC Medicines,1278.78,190.46,4
ORD01488,2026-06-10,Guntur,Product_18,Personal Care,1278.78,189.12,2
ORD01489,2026-06-11,Guntur,Product_19,Prescription Medicines,1278.78,193.69,4
ORD01490,2026-06-12,Guntur,Product_20,Wellness & Nutrition,1278.78,192.94,2
ORD01491,2026-06-13,Guntur,Product_21,Lab Tests,1278.78,189.68,4
ORD01492,2026-06-14,Guntur,Product_22,Medical Devices,1278.78,195.39,2
ORD01493,2026-06-15,Guntur,Product_23,OTC Medicines,1278.78,190.46,4
ORD01494,2026-06-16,Guntur,Product_24,Personal Care,1278.78,189.12,2
ORD01495,2026-06-17,Guntur,Product_25,Prescription Medicines,1278.78,193.69,4
ORD01496,2026-06-18,Guntur,Product_26,Wellness & Nutrition,1278.78,192.94,2
ORD01497,2026-06-19,Guntur,Product_27,Lab Tests,1278.78,189.68,4
ORD01498,2026-06-20,Guntur,Product_28,Medical Devices,1278.78,195.39,2
ORD01499,2026-06-21,Guntur,Product_29,OTC Medicines,1278.78,190.46,4
ORD01500,2026-06-22,Guntur,Product_30,Personal Care,1278.78,189.12,2
ORD01501,2026-06-23,Guntur,Product_1,Prescription Medicines,1278.78,193.69,4
ORD01502,2026-06-24,Guntur,Product_2,Wellness & Nutrition,1278.78,192.94,2
ORD01503,2026-06-25,Guntur,Product_3,Lab Tests,1278.78,189.68,4
ORD01504,2026-06-26,Guntur,Product_4,Medical Devices,1278.78,195.39,2
ORD01505,2026-06-27,Guntur,Product_5,OTC Medicines,1278.78,190.46,4
ORD01506,2026-06-28,Guntur,Product_6,Personal Care,1278.78,189.12,2
ORD01507,2026-06-01,Guntur,Product_7,Prescription Medicines,1278.78,193.69,4
ORD01508,2026-06-02,Guntur,Product_8,Wellness & Nutrition,1278.78,192.94,2
ORD01509,2026-06-03,Guntur,Product_9,Lab Tests,1278.78,189.68,4
ORD01510,2026-06-04,Guntur,Product_10,Medical Devices,1278.78,195.39,2
ORD01511,2026-06-05,Guntur,Product_11,OTC Medicines,1278.78,190.46,4
ORD01512,2026-06-06,Guntur,Product_12,Personal Care,1278.78,189.12,2
ORD01513,2026-06-07,Guntur,Product_13,Prescription Medicines,1278.78,193.69,4
ORD01514,2026-06-08,Guntur,Product_14,Wellness & Nutrition,1278.78,192.94,2
ORD01515,2026-06-09,Guntur,Product_15,Lab Tests,1278.78,189.68,4
ORD01516,2026-06-10,Guntur,Product_16,Medical Devices,1278.78,195.39,2
ORD01517,2026-06-11,Guntur,Product_17,OTC Medicines,1278.78,190.46,4
ORD01518,2026-06-12,Guntur,Product_18,Personal Care,1278.78,189.12,2
ORD01519,2026-06-13,Guntur,Product_19,Prescription Medicines,1278.78,193.69,4
ORD01520,2026-06-14,Guntur,Product_20,Wellness & Nutrition,1278.78,192.94,2
ORD01521,2026-06-15,Guntur,Product_21,Lab Tests,1278.78,189.68,4
ORD01522,2026-06-16,Guntur,Product_22,Medical Devices,1278.78,195.39,2
ORD01523,2026-06-17,Guntur,Product_23,OTC Medicines,1278.78,190.46,4
ORD01524,2026-06-18,Guntur,Product_24,Personal Care,1278.78,189.12,2
ORD01525,2026-06-19,Guntur,Product_25,Prescription Medicines,1278.78,193.69,4
ORD01526,2026-06-20,Guntur,Product_26,Wellness & Nutrition,1278.78,192.94,2
ORD01527,2026-06-21,Guntur,Product_27,Lab Tests,1278.78,189.68,4
ORD01528,2026-06-22,Guntur,Product_28,Medical Devices,1278.78,195.39,2
ORD01529,2026-06-23,Guntur,Product_29,OTC Medicines,1278.78,190.46,4
ORD01530,2026-06-24,Guntur,Product_30,Personal Care,1278.78,189.12,2
ORD01531,2026-06-25,Guntur,Product_1,Prescription Medicines,1278.78,193.69,4
ORD01532,2026-06-26,Guntur,Product_2,Wellness & Nutrition,1278.78,192.94,2
ORD01533,2026-06-27,Guntur,Product_3,Lab Tests,1278.78,189.68,4
ORD01534,2026-06-28,Guntur,Product_4,Medical Devices,1278.78,195.39,2
ORD01535,2026-06-01,Guntur,Product_5,OTC Medicines,1278.78,190.46,4
ORD01536,2026-06-02,Guntur,Product_6,Personal Care,1278.78,189.12,2
ORD01537,2026-06-03,Guntur,Product_7,Prescription Medicines,1278.78,193.69,4
ORD01538,2026-06-04,Guntur,Product_8,Wellness & Nutrition,1278.78,192.94,2
ORD01539,2026-06-05,Guntur,Product_9,Lab Tests,1278.78,189.68,4
ORD01540,2026-06-06,Guntur,Product_10,Medical Devices,1278.78,195.39,2
ORD01541,2026-06-07,Guntur,Product_11,OTC Medicines,1278.78,190.46,4
ORD01542,2026-06-08,Guntur,Product_12,Personal Care,1278.78,189.12,2
ORD01543,2026-06-09,Guntur,Product_13,Prescription Medicines,1278.78,193.69,4
ORD01544,2026-06-10,Guntur,Product_14,Wellness & Nutrition,1278.78,192.94,2
ORD01545,2026-06-11,Guntur,Product_15,Lab Tests,1278.78,189.68,4
ORD01546,2026-06-12,Guntur,Product_16,Medical Devices,1278.78,195.39,2
ORD01547,2026-06-13,Guntur,Product_17,OTC Medicines,1278.78,190.46,4
ORD01548,2026-06-14,Guntur,Product_18,Personal Care,1278.78,189.12,2
ORD01549,2026-06-15,Guntur,Product_19,Prescription Medicines,1278.78,193.69,4
ORD01550,2026-06-16,Guntur,Product_20,Wellness & Nutrition,1278.78,192.94,2
ORD01551,2026-06-17,Guntur,Product_21,Lab Tests,1278.78,189.68,4
ORD01552,2026-06-18,Guntur,Product_22,Medical Devices,1278.78,195.39,2
ORD01553,2026-06-19,Guntur,Product_23,OTC Medicines,1278.78,190.46,4
ORD01554,2026-06-20,Guntur,Product_24,Personal Care,1278.78,189.12,2
ORD01555,2026-06-21,Guntur,Product_25,Prescription Medicines,1278.78,193.69,4
ORD01556,2026-06-22,Guntur,Product_26,Wellness & Nutrition,1279.12,192.99,2
ORD01557,2026-06-01,Hyderabad,Product_27,Medical Devices,3770.37,576.09,2
ORD01558,2026-06-02,Hyderabad,Product_28,OTC Medicines,3770.37,561.55,4
ORD01559,2026-06-03,Hyderabad,Product_29,Personal Care,3770.37,557.61,2
ORD01560,2026-06-04,Hyderabad,Product_30,Prescription Medicines,3770.37,571.07,4
ORD01561,2026-06-05,Hyderabad,Product_1,Wellness & Nutrition,3770.37,568.86,2
ORD01562,2026-06-06,Hyderabad,Product_2,Lab Tests,3770.37,559.25,4
ORD01563,2026-06-07,Hyderabad,Product_3,Medical Devices,3770.37,576.09,2
ORD01564,2026-06-08,Hyderabad,Product_4,OTC Medicines,3770.37,561.55,4
ORD01565,2026-06-09,Hyderabad,Product_5,Personal Care,3770.37,557.61,2
ORD01566,2026-06-10,Hyderabad,Product_6,Prescription Medicines,3770.37,571.07,4
ORD01567,2026-06-11,Hyderabad,Product_7,Wellness & Nutrition,3770.37,568.86,2
ORD01568,2026-06-12,Hyderabad,Product_8,Lab Tests,3770.37,559.25,4
ORD01569,2026-06-13,Hyderabad,Product_9,Medical Devices,3770.37,576.09,2
ORD01570,2026-06-14,Hyderabad,Product_10,OTC Medicines,3770.37,561.55,4
ORD01571,2026-06-15,Hyderabad,Product_11,Personal Care,3770.37,557.61,2
ORD01572,2026-06-16,Hyderabad,Product_12,Prescription Medicines,3770.37,571.07,4
ORD01573,2026-06-17,Hyderabad,Product_13,Wellness & Nutrition,3770.37,568.86,2
ORD01574,2026-06-18,Hyderabad,Product_14,Lab Tests,3770.37,559.25,4
ORD01575,2026-06-19,Hyderabad,Product_15,Medical Devices,3770.37,576.09,2
ORD01576,2026-06-20,Hyderabad,Product_16,OTC Medicines,3770.37,561.55,4
ORD01577,2026-06-21,Hyderabad,Product_17,Personal Care,3770.37,557.61,2
ORD01578,2026-06-22,Hyderabad,Product_18,Prescription Medicines,3770.37,571.07,4
ORD01579,2026-06-23,Hyderabad,Product_19,Wellness & Nutrition,3770.37,568.86,2
ORD01580,2026-06-24,Hyderabad,Product_20,Lab Tests,3770.37,559.25,4
ORD01581,2026-06-25,Hyderabad,Product_21,Medical Devices,3770.37,576.09,2
ORD01582,2026-06-26,Hyderabad,Product_22,OTC Medicines,3770.37,561.55,4
ORD01583,2026-06-27,Hyderabad,Product_23,Personal Care,3770.37,557.61,2
ORD01584,2026-06-28,Hyderabad,Product_24,Prescription Medicines,3770.37,571.07,4
ORD01585,2026-06-01,Hyderabad,Product_25,Wellness & Nutrition,3770.37,568.86,2
ORD01586,2026-06-02,Hyderabad,Product_26,Lab Tests,3770.37,559.25,4
ORD01587,2026-06-03,Hyderabad,Product_27,Medical Devices,3770.37,576.09,2
ORD01588,2026-06-04,Hyderabad,Product_28,OTC Medicines,3770.37,561.55,4
ORD01589,2026-06-05,Hyderabad,Product_29,Personal Care,3770.37,557.61,2
ORD01590,2026-06-06,Hyderabad,Product_30,Prescription Medicines,3770.37,571.07,4
ORD01591,2026-06-07,Hyderabad,Product_1,Wellness & Nutrition,3770.37,568.86,2
ORD01592,2026-06-08,Hyderabad,Product_2,Lab Tests,3770.37,559.25,4
ORD01593,2026-06-09,Hyderabad,Product_3,Medical Devices,3770.37,576.09,2
ORD01594,2026-06-10,Hyderabad,Product_4,OTC Medicines,3770.37,561.55,4
ORD01595,2026-06-11,Hyderabad,Product_5,Personal Care,3770.37,557.61,2
ORD01596,2026-06-12,Hyderabad,Product_6,Prescription Medicines,3770.37,571.07,4
ORD01597,2026-06-13,Hyderabad,Product_7,Wellness & Nutrition,3770.37,568.86,2
ORD01598,2026-06-14,Hyderabad,Product_8,Lab Tests,3770.37,559.25,4
ORD01599,2026-06-15,Hyderabad,Product_9,Medical Devices,3770.37,576.09,2
ORD01600,2026-06-16,Hyderabad,Product_10,OTC Medicines,3770.37,561.55,4
ORD01601,2026-06-17,Hyderabad,Product_11,Personal Care,3770.37,557.61,2
ORD01602,2026-06-18,Hyderabad,Product_12,Prescription Medicines,3770.37,571.07,4
ORD01603,2026-06-19,Hyderabad,Product_13,Wellness & Nutrition,3770.37,568.86,2
ORD01604,2026-06-20,Hyderabad,Product_14,Lab Tests,3770.37,559.25,4
ORD01605,2026-06-21,Hyderabad,Product_15,Medical Devices,3770.37,576.09,2
ORD01606,2026-06-22,Hyderabad,Product_16,OTC Medicines,3770.37,561.55,4
ORD01607,2026-06-23,Hyderabad,Product_17,Personal Care,3770.37,557.61,2
ORD01608,2026-06-24,Hyderabad,Product_18,Prescription Medicines,3770.37,571.07,4
ORD01609,2026-06-25,Hyderabad,Product_19,Wellness & Nutrition,3770.37,568.86,2
ORD01610,2026-06-26,Hyderabad,Product_20,Lab Tests,3770.37,559.25,4
ORD01611,2026-06-27,Hyderabad,Product_21,Medical Devices,3770.37,576.09,2
ORD01612,2026-06-28,Hyderabad,Product_22,OTC Medicines,3770.37,561.55,4
ORD01613,2026-06-01,Hyderabad,Product_23,Personal Care,3770.37,557.61,2
ORD01614,2026-06-02,Hyderabad,Product_24,Prescription Medicines,3770.37,571.07,4
ORD01615,2026-06-03,Hyderabad,Product_25,Wellness & Nutrition,3770.37,568.86,2
ORD01616,2026-06-04,Hyderabad,Product_26,Lab Tests,3770.37,559.25,4
ORD01617,2026-06-05,Hyderabad,Product_27,Medical Devices,3770.37,576.09,2
ORD01618,2026-06-06,Hyderabad,Product_28,OTC Medicines,3770.37,561.55,4
ORD01619,2026-06-07,Hyderabad,Product_29,Personal Care,3770.37,557.61,2
ORD01620,2026-06-08,Hyderabad,Product_30,Prescription Medicines,3770.37,571.07,4
ORD01621,2026-06-09,Hyderabad,Product_1,Wellness & Nutrition,3770.37,568.86,2
ORD01622,2026-06-10,Hyderabad,Product_2,Lab Tests,3770.37,559.25,4
ORD01623,2026-06-11,Hyderabad,Product_3,Medical Devices,3770.37,576.09,2
ORD01624,2026-06-12,Hyderabad,Product_4,OTC Medicines,3770.37,561.55,4
ORD01625,2026-06-13,Hyderabad,Product_5,Personal Care,3770.37,557.61,2
ORD01626,2026-06-14,Hyderabad,Product_6,Prescription Medicines,3770.37,571.07,4
ORD01627,2026-06-15,Hyderabad,Product_7,Wellness & Nutrition,3770.37,568.86,2
ORD01628,2026-06-16,Hyderabad,Product_8,Lab Tests,3770.37,559.25,4
ORD01629,2026-06-17,Hyderabad,Product_9,Medical Devices,3770.37,576.09,2
ORD01630,2026-06-18,Hyderabad,Product_10,OTC Medicines,3770.37,561.55,4
ORD01631,2026-06-19,Hyderabad,Product_11,Personal Care,3770.37,557.61,2
ORD01632,2026-06-20,Hyderabad,Product_12,Prescription Medicines,3770.37,571.07,4
ORD01633,2026-06-21,Hyderabad,Product_13,Wellness & Nutrition,3770.37,568.86,2
ORD01634,2026-06-22,Hyderabad,Product_14,Lab Tests,3770.07,559.21,4
ORD01635,2026-06-01,Karimnagar,Product_15,OTC Medicines,442.19,65.86,4
ORD01636,2026-06-02,Karimnagar,Product_16,Personal Care,442.19,65.4,2
ORD01637,2026-06-03,Karimnagar,Product_17,Prescription Medicines,442.19,66.98,4
ORD01638,2026-06-04,Karimnagar,Product_18,Wellness & Nutrition,442.19,66.72,2
ORD01639,2026-06-05,Karimnagar,Product_19,Lab Tests,442.19,65.59,4
ORD01640,2026-06-06,Karimnagar,Product_20,Medical Devices,442.19,67.56,2
ORD01641,2026-06-07,Karimnagar,Product_21,OTC Medicines,442.19,65.86,4
ORD01642,2026-06-08,Karimnagar,Product_22,Personal Care,442.19,65.4,2
ORD01643,2026-06-09,Karimnagar,Product_23,Prescription Medicines,442.19,66.98,4
ORD01644,2026-06-10,Karimnagar,Product_24,Wellness & Nutrition,442.19,66.72,2
ORD01645,2026-06-11,Karimnagar,Product_25,Lab Tests,442.19,65.59,4
ORD01646,2026-06-12,Karimnagar,Product_26,Medical Devices,442.19,67.56,2
ORD01647,2026-06-13,Karimnagar,Product_27,OTC Medicines,442.19,65.86,4
ORD01648,2026-06-14,Karimnagar,Product_28,Personal Care,442.19,65.4,2
ORD01649,2026-06-15,Karimnagar,Product_29,Prescription Medicines,442.19,66.98,4
ORD01650,2026-06-16,Karimnagar,Product_30,Wellness & Nutrition,442.19,66.72,2
ORD01651,2026-06-17,Karimnagar,Product_1,Lab Tests,442.19,65.59,4
ORD01652,2026-06-18,Karimnagar,Product_2,Medical Devices,442.19,67.56,2
ORD01653,2026-06-19,Karimnagar,Product_3,OTC Medicines,442.19,65.86,4
ORD01654,2026-06-20,Karimnagar,Product_4,Personal Care,442.19,65.4,2
ORD01655,2026-06-21,Karimnagar,Product_5,Prescription Medicines,442.19,66.98,4
ORD01656,2026-06-22,Karimnagar,Product_6,Wellness & Nutrition,442.19,66.72,2
ORD01657,2026-06-23,Karimnagar,Product_7,Lab Tests,442.19,65.59,4
ORD01658,2026-06-24,Karimnagar,Product_8,Medical Devices,442.19,67.56,2
ORD01659,2026-06-25,Karimnagar,Product_9,OTC Medicines,442.19,65.86,4
ORD01660,2026-06-26,Karimnagar,Product_10,Personal Care,442.19,65.4,2
ORD01661,2026-06-27,Karimnagar,Product_11,Prescription Medicines,442.19,66.98,4
ORD01662,2026-06-28,Karimnagar,Product_12,Wellness & Nutrition,442.19,66.72,2
ORD01663,2026-06-01,Karimnagar,Product_13,Lab Tests,442.19,65.59,4
ORD01664,2026-06-02,Karimnagar,Product_14,Medical Devices,442.19,67.56,2
ORD01665,2026-06-03,Karimnagar,Product_15,OTC Medicines,442.19,65.86,4
ORD01666,2026-06-04,Karimnagar,Product_16,Personal Care,442.19,65.4,2
ORD01667,2026-06-05,Karimnagar,Product_17,Prescription Medicines,442.19,66.98,4
ORD01668,2026-06-06,Karimnagar,Product_18,Wellness & Nutrition,442.19,66.72,2
ORD01669,2026-06-07,Karimnagar,Product_19,Lab Tests,442.19,65.59,4
ORD01670,2026-06-08,Karimnagar,Product_20,Medical Devices,442.19,67.56,2
ORD01671,2026-06-09,Karimnagar,Product_21,OTC Medicines,442.19,65.86,4
ORD01672,2026-06-10,Karimnagar,Product_22,Personal Care,442.19,65.4,2
ORD01673,2026-06-11,Karimnagar,Product_23,Prescription Medicines,442.19,66.98,4
ORD01674,2026-06-12,Karimnagar,Product_24,Wellness & Nutrition,442.19,66.72,2
ORD01675,2026-06-13,Karimnagar,Product_25,Lab Tests,442.19,65.59,4
ORD01676,2026-06-14,Karimnagar,Product_26,Medical Devices,442.19,67.56,2
ORD01677,2026-06-15,Karimnagar,Product_27,OTC Medicines,442.19,65.86,4
ORD01678,2026-06-16,Karimnagar,Product_28,Personal Care,442.19,65.4,2
ORD01679,2026-06-17,Karimnagar,Product_29,Prescription Medicines,442.19,66.98,4
ORD01680,2026-06-18,Karimnagar,Product_30,Wellness & Nutrition,442.19,66.72,2
ORD01681,2026-06-19,Karimnagar,Product_1,Lab Tests,442.19,65.59,4
ORD01682,2026-06-20,Karimnagar,Product_2,Medical Devices,442.19,67.56,2
ORD01683,2026-06-21,Karimnagar,Product_3,OTC Medicines,442.19,65.86,4
ORD01684,2026-06-22,Karimnagar,Product_4,Personal Care,442.19,65.4,2
ORD01685,2026-06-23,Karimnagar,Product_5,Prescription Medicines,442.19,66.98,4
ORD01686,2026-06-24,Karimnagar,Product_6,Wellness & Nutrition,442.19,66.72,2
ORD01687,2026-06-25,Karimnagar,Product_7,Lab Tests,442.19,65.59,4
ORD01688,2026-06-26,Karimnagar,Product_8,Medical Devices,442.19,67.56,2
ORD01689,2026-06-27,Karimnagar,Product_9,OTC Medicines,442.19,65.86,4
ORD01690,2026-06-28,Karimnagar,Product_10,Personal Care,442.19,65.4,2
ORD01691,2026-06-01,Karimnagar,Product_11,Prescription Medicines,442.19,66.98,4
ORD01692,2026-06-02,Karimnagar,Product_12,Wellness & Nutrition,442.19,66.72,2
ORD01693,2026-06-03,Karimnagar,Product_13,Lab Tests,442.19,65.59,4
ORD01694,2026-06-04,Karimnagar,Product_14,Medical Devices,442.19,67.56,2
ORD01695,2026-06-05,Karimnagar,Product_15,OTC Medicines,442.19,65.86,4
ORD01696,2026-06-06,Karimnagar,Product_16,Personal Care,442.19,65.4,2
ORD01697,2026-06-07,Karimnagar,Product_17,Prescription Medicines,442.19,66.98,4
ORD01698,2026-06-08,Karimnagar,Product_18,Wellness & Nutrition,442.19,66.72,2
ORD01699,2026-06-09,Karimnagar,Product_19,Lab Tests,442.19,65.59,4
ORD01700,2026-06-10,Karimnagar,Product_20,Medical Devices,442.19,67.56,2
ORD01701,2026-06-11,Karimnagar,Product_21,OTC Medicines,442.19,65.86,4
ORD01702,2026-06-12,Karimnagar,Product_22,Personal Care,442.19,65.4,2
ORD01703,2026-06-13,Karimnagar,Product_23,Prescription Medicines,442.19,66.98,4
ORD01704,2026-06-14,Karimnagar,Product_24,Wellness & Nutrition,442.19,66.72,2
ORD01705,2026-06-15,Karimnagar,Product_25,Lab Tests,442.19,65.59,4
ORD01706,2026-06-16,Karimnagar,Product_26,Medical Devices,442.19,67.56,2
ORD01707,2026-06-17,Karimnagar,Product_27,OTC Medicines,442.19,65.86,4
ORD01708,2026-06-18,Karimnagar,Product_28,Personal Care,442.19,65.4,2
ORD01709,2026-06-19,Karimnagar,Product_29,Prescription Medicines,442.19,66.98,4
ORD01710,2026-06-20,Karimnagar,Product_30,Wellness & Nutrition,442.19,66.72,2
ORD01711,2026-06-21,Karimnagar,Product_1,Lab Tests,442.19,65.59,4
ORD01712,2026-06-22,Karimnagar,Product_2,Medical Devices,441.95,67.53,2
ORD01713,2026-06-01,Nellore,Product_3,Personal Care,1210.17,178.98,2
ORD01714,2026-06-02,Nellore,Product_4,Prescription Medicines,1210.17,183.3,4
ORD01715,2026-06-03,Nellore,Product_5,Wellness & Nutrition,1210.17,182.59,2
ORD01716,2026-06-04,Nellore,Product_6,Lab Tests,1210.17,179.5,4
ORD01717,2026-06-05,Nellore,Product_7,Medical Devices,1210.17,184.91,2
ORD01718,2026-06-06,Nellore,Product_8,OTC Medicines,1210.17,180.24,4
ORD01719,2026-06-07,Nellore,Product_9,Personal Care,1210.17,178.98,2
ORD01720,2026-06-08,Nellore,Product_10,Prescription Medicines,1210.17,183.3,4
ORD01721,2026-06-09,Nellore,Product_11,Wellness & Nutrition,1210.17,182.59,2
ORD01722,2026-06-10,Nellore,Product_12,Lab Tests,1210.17,179.5,4
ORD01723,2026-06-11,Nellore,Product_13,Medical Devices,1210.17,184.91,2
ORD01724,2026-06-12,Nellore,Product_14,OTC Medicines,1210.17,180.24,4
ORD01725,2026-06-13,Nellore,Product_15,Personal Care,1210.17,178.98,2
ORD01726,2026-06-14,Nellore,Product_16,Prescription Medicines,1210.17,183.3,4
ORD01727,2026-06-15,Nellore,Product_17,Wellness & Nutrition,1210.17,182.59,2
ORD01728,2026-06-16,Nellore,Product_18,Lab Tests,1210.17,179.5,4
ORD01729,2026-06-17,Nellore,Product_19,Medical Devices,1210.17,184.91,2
ORD01730,2026-06-18,Nellore,Product_20,OTC Medicines,1210.17,180.24,4
ORD01731,2026-06-19,Nellore,Product_21,Personal Care,1210.17,178.98,2
ORD01732,2026-06-20,Nellore,Product_22,Prescription Medicines,1210.17,183.3,4
ORD01733,2026-06-21,Nellore,Product_23,Wellness & Nutrition,1210.17,182.59,2
ORD01734,2026-06-22,Nellore,Product_24,Lab Tests,1210.17,179.5,4
ORD01735,2026-06-23,Nellore,Product_25,Medical Devices,1210.17,184.91,2
ORD01736,2026-06-24,Nellore,Product_26,OTC Medicines,1210.17,180.24,4
ORD01737,2026-06-25,Nellore,Product_27,Personal Care,1210.17,178.98,2
ORD01738,2026-06-26,Nellore,Product_28,Prescription Medicines,1210.17,183.3,4
ORD01739,2026-06-27,Nellore,Product_29,Wellness & Nutrition,1210.17,182.59,2
ORD01740,2026-06-28,Nellore,Product_30,Lab Tests,1210.17,179.5,4
ORD01741,2026-06-01,Nellore,Product_1,Medical Devices,1210.17,184.91,2
ORD01742,2026-06-02,Nellore,Product_2,OTC Medicines,1210.17,180.24,4
ORD01743,2026-06-03,Nellore,Product_3,Personal Care,1210.17,178.98,2
ORD01744,2026-06-04,Nellore,Product_4,Prescription Medicines,1210.17,183.3,4
ORD01745,2026-06-05,Nellore,Product_5,Wellness & Nutrition,1210.17,182.59,2
ORD01746,2026-06-06,Nellore,Product_6,Lab Tests,1210.17,179.5,4
ORD01747,2026-06-07,Nellore,Product_7,Medical Devices,1210.17,184.91,2
ORD01748,2026-06-08,Nellore,Product_8,OTC Medicines,1210.17,180.24,4
ORD01749,2026-06-09,Nellore,Product_9,Personal Care,1210.17,178.98,2
ORD01750,2026-06-10,Nellore,Product_10,Prescription Medicines,1210.17,183.3,4
ORD01751,2026-06-11,Nellore,Product_11,Wellness & Nutrition,1210.17,182.59,2
ORD01752,2026-06-12,Nellore,Product_12,Lab Tests,1210.17,179.5,4
ORD01753,2026-06-13,Nellore,Product_13,Medical Devices,1210.17,184.91,2
ORD01754,2026-06-14,Nellore,Product_14,OTC Medicines,1210.17,180.24,4
ORD01755,2026-06-15,Nellore,Product_15,Personal Care,1210.17,178.98,2
ORD01756,2026-06-16,Nellore,Product_16,Prescription Medicines,1210.17,183.3,4
ORD01757,2026-06-17,Nellore,Product_17,Wellness & Nutrition,1210.17,182.59,2
ORD01758,2026-06-18,Nellore,Product_18,Lab Tests,1210.17,179.5,4
ORD01759,2026-06-19,Nellore,Product_19,Medical Devices,1210.17,184.91,2
ORD01760,2026-06-20,Nellore,Product_20,OTC Medicines,1210.17,180.24,4
ORD01761,2026-06-21,Nellore,Product_21,Personal Care,1210.17,178.98,2
ORD01762,2026-06-22,Nellore,Product_22,Prescription Medicines,1210.17,183.3,4
ORD01763,2026-06-23,Nellore,Product_23,Wellness & Nutrition,1210.17,182.59,2
ORD01764,2026-06-24,Nellore,Product_24,Lab Tests,1210.17,179.5,4
ORD01765,2026-06-25,Nellore,Product_25,Medical Devices,1210.17,184.91,2
ORD01766,2026-06-26,Nellore,Product_26,OTC Medicines,1210.17,180.24,4
ORD01767,2026-06-27,Nellore,Product_27,Personal Care,1210.17,178.98,2
ORD01768,2026-06-28,Nellore,Product_28,Prescription Medicines,1210.17,183.3,4
ORD01769,2026-06-01,Nellore,Product_29,Wellness & Nutrition,1210.17,182.59,2
ORD01770,2026-06-02,Nellore,Product_30,Lab Tests,1210.17,179.5,4
ORD01771,2026-06-03,Nellore,Product_1,Medical Devices,1210.17,184.91,2
ORD01772,2026-06-04,Nellore,Product_2,OTC Medicines,1210.17,180.24,4
ORD01773,2026-06-05,Nellore,Product_3,Personal Care,1210.17,178.98,2
ORD01774,2026-06-06,Nellore,Product_4,Prescription Medicines,1210.17,183.3,4
ORD01775,2026-06-07,Nellore,Product_5,Wellness & Nutrition,1210.17,182.59,2
ORD01776,2026-06-08,Nellore,Product_6,Lab Tests,1210.17,179.5,4
ORD01777,2026-06-09,Nellore,Product_7,Medical Devices,1210.17,184.91,2
ORD01778,2026-06-10,Nellore,Product_8,OTC Medicines,1210.17,180.24,4
ORD01779,2026-06-11,Nellore,Product_9,Personal Care,1210.17,178.98,2
ORD01780,2026-06-12,Nellore,Product_10,Prescription Medicines,1210.17,183.3,4
ORD01781,2026-06-13,Nellore,Product_11,Wellness & Nutrition,1210.17,182.59,2
ORD01782,2026-06-14,Nellore,Product_12,Lab Tests,1210.17,179.5,4
ORD01783,2026-06-15,Nellore,Product_13,Medical Devices,1210.17,184.91,2
ORD01784,2026-06-16,Nellore,Product_14,OTC Medicines,1210.17,180.24,4
ORD01785,2026-06-17,Nellore,Product_15,Personal Care,1210.17,178.98,2
ORD01786,2026-06-18,Nellore,Product_16,Prescription Medicines,1210.17,183.3,4
ORD01787,2026-06-19,Nellore,Product_17,Wellness & Nutrition,1210.17,182.59,2
ORD01788,2026-06-20,Nellore,Product_18,Lab Tests,1210.17,179.5,4
ORD01789,2026-06-21,Nellore,Product_19,Medical Devices,1210.17,184.91,2
ORD01790,2026-06-22,Nellore,Product_20,OTC Medicines,1210.53,180.29,4
ORD01791,2026-06-01,Tirupati,Product_21,Prescription Medicines,968.35,146.67,4
ORD01792,2026-06-02,Tirupati,Product_22,Wellness & Nutrition,968.35,146.1,2
ORD01793,2026-06-03,Tirupati,Product_23,Lab Tests,968.35,143.63,4
ORD01794,2026-06-04,Tirupati,Product_24,Medical Devices,968.35,147.96,2
ORD01795,2026-06-05,Tirupati,Product_25,OTC Medicines,968.35,144.22,4
ORD01796,2026-06-06,Tirupati,Product_26,Personal Care,968.35,143.21,2
ORD01797,2026-06-07,Tirupati,Product_27,Prescription Medicines,968.35,146.67,4
ORD01798,2026-06-08,Tirupati,Product_28,Wellness & Nutrition,968.35,146.1,2
ORD01799,2026-06-09,Tirupati,Product_29,Lab Tests,968.35,143.63,4
ORD01800,2026-06-10,Tirupati,Product_30,Medical Devices,968.35,147.96,2
ORD01801,2026-06-11,Tirupati,Product_1,OTC Medicines,968.35,144.22,4
ORD01802,2026-06-12,Tirupati,Product_2,Personal Care,968.35,143.21,2
ORD01803,2026-06-13,Tirupati,Product_3,Prescription Medicines,968.35,146.67,4
ORD01804,2026-06-14,Tirupati,Product_4,Wellness & Nutrition,968.35,146.1,2
ORD01805,2026-06-15,Tirupati,Product_5,Lab Tests,968.35,143.63,4
ORD01806,2026-06-16,Tirupati,Product_6,Medical Devices,968.35,147.96,2
ORD01807,2026-06-17,Tirupati,Product_7,OTC Medicines,968.35,144.22,4
ORD01808,2026-06-18,Tirupati,Product_8,Personal Care,968.35,143.21,2
ORD01809,2026-06-19,Tirupati,Product_9,Prescription Medicines,968.35,146.67,4
ORD01810,2026-06-20,Tirupati,Product_10,Wellness & Nutrition,968.35,146.1,2
ORD01811,2026-06-21,Tirupati,Product_11,Lab Tests,968.35,143.63,4
ORD01812,2026-06-22,Tirupati,Product_12,Medical Devices,968.35,147.96,2
ORD01813,2026-06-23,Tirupati,Product_13,OTC Medicines,968.35,144.22,4
ORD01814,2026-06-24,Tirupati,Product_14,Personal Care,968.35,143.21,2
ORD01815,2026-06-25,Tirupati,Product_15,Prescription Medicines,968.35,146.67,4
ORD01816,2026-06-26,Tirupati,Product_16,Wellness & Nutrition,968.35,146.1,2
ORD01817,2026-06-27,Tirupati,Product_17,Lab Tests,968.35,143.63,4
ORD01818,2026-06-28,Tirupati,Product_18,Medical Devices,968.35,147.96,2
ORD01819,2026-06-01,Tirupati,Product_19,OTC Medicines,968.35,144.22,4
ORD01820,2026-06-02,Tirupati,Product_20,Personal Care,968.35,143.21,2
ORD01821,2026-06-03,Tirupati,Product_21,Prescription Medicines,968.35,146.67,4
ORD01822,2026-06-04,Tirupati,Product_22,Wellness & Nutrition,968.35,146.1,2
ORD01823,2026-06-05,Tirupati,Product_23,Lab Tests,968.35,143.63,4
ORD01824,2026-06-06,Tirupati,Product_24,Medical Devices,968.35,147.96,2
ORD01825,2026-06-07,Tirupati,Product_25,OTC Medicines,968.35,144.22,4
ORD01826,2026-06-08,Tirupati,Product_26,Personal Care,968.35,143.21,2
ORD01827,2026-06-09,Tirupati,Product_27,Prescription Medicines,968.35,146.67,4
ORD01828,2026-06-10,Tirupati,Product_28,Wellness & Nutrition,968.35,146.1,2
ORD01829,2026-06-11,Tirupati,Product_29,Lab Tests,968.35,143.63,4
ORD01830,2026-06-12,Tirupati,Product_30,Medical Devices,968.35,147.96,2
ORD01831,2026-06-13,Tirupati,Product_1,OTC Medicines,968.35,144.22,4
ORD01832,2026-06-14,Tirupati,Product_2,Personal Care,968.35,143.21,2
ORD01833,2026-06-15,Tirupati,Product_3,Prescription Medicines,968.35,146.67,4
ORD01834,2026-06-16,Tirupati,Product_4,Wellness & Nutrition,968.35,146.1,2
ORD01835,2026-06-17,Tirupati,Product_5,Lab Tests,968.35,143.63,4
ORD01836,2026-06-18,Tirupati,Product_6,Medical Devices,968.35,147.96,2
ORD01837,2026-06-19,Tirupati,Product_7,OTC Medicines,968.35,144.22,4
ORD01838,2026-06-20,Tirupati,Product_8,Personal Care,968.35,143.21,2
ORD01839,2026-06-21,Tirupati,Product_9,Prescription Medicines,968.35,146.67,4
ORD01840,2026-06-22,Tirupati,Product_10,Wellness & Nutrition,968.35,146.1,2
ORD01841,2026-06-23,Tirupati,Product_11,Lab Tests,968.35,143.63,4
ORD01842,2026-06-24,Tirupati,Product_12,Medical Devices,968.35,147.96,2
ORD01843,2026-06-25,Tirupati,Product_13,OTC Medicines,968.35,144.22,4
ORD01844,2026-06-26,Tirupati,Product_14,Personal Care,968.35,143.21,2
ORD01845,2026-06-27,Tirupati,Product_15,Prescription Medicines,968.35,146.67,4
ORD01846,2026-06-28,Tirupati,Product_16,Wellness & Nutrition,968.35,146.1,2
ORD01847,2026-06-01,Tirupati,Product_17,Lab Tests,968.35,143.63,4
ORD01848,2026-06-02,Tirupati,Product_18,Medical Devices,968.35,147.96,2
ORD01849,2026-06-03,Tirupati,Product_19,OTC Medicines,968.35,144.22,4
ORD01850,2026-06-04,Tirupati,Product_20,Personal Care,968.35,143.21,2
ORD01851,2026-06-05,Tirupati,Product_21,Prescription Medicines,968.35,146.67,4
ORD01852,2026-06-06,Tirupati,Product_22,Wellness & Nutrition,968.35,146.1,2
ORD01853,2026-06-07,Tirupati,Product_23,Lab Tests,968.35,143.63,4
ORD01854,2026-06-08,Tirupati,Product_24,Medical Devices,968.35,147.96,2
ORD01855,2026-06-09,Tirupati,Product_25,OTC Medicines,968.35,144.22,4
ORD01856,2026-06-10,Tirupati,Product_26,Personal Care,968.35,143.21,2
ORD01857,2026-06-11,Tirupati,Product_27,Prescription Medicines,968.35,146.67,4
ORD01858,2026-06-12,Tirupati,Product_28,Wellness & Nutrition,968.35,146.1,2
ORD01859,2026-06-13,Tirupati,Product_29,Lab Tests,968.35,143.63,4
ORD01860,2026-06-14,Tirupati,Product_30,Medical Devices,968.35,147.96,2
ORD01861,2026-06-15,Tirupati,Product_1,OTC Medicines,968.35,144.22,4
ORD01862,2026-06-16,Tirupati,Product_2,Personal Care,968.35,143.21,2
ORD01863,2026-06-17,Tirupati,Product_3,Prescription Medicines,968.35,146.67,4
ORD01864,2026-06-18,Tirupati,Product_4,Wellness & Nutrition,968.35,146.1,2
ORD01865,2026-06-19,Tirupati,Product_5,Lab Tests,968.35,143.63,4
ORD01866,2026-06-20,Tirupati,Product_6,Medical Devices,968.35,147.96,2
ORD01867,2026-06-21,Tirupati,Product_7,OTC Medicines,968.35,144.22,4
ORD01868,2026-06-22,Tirupati,Product_8,Personal Care,968.04,143.17,2
ORD01869,2026-06-01,Vijayawada,Product_9,Wellness & Nutrition,1972.43,297.59,2
ORD01870,2026-06-02,Vijayawada,Product_10,Lab Tests,1972.43,292.57,4
ORD01871,2026-06-03,Vijayawada,Product_11,Medical Devices,1972.43,301.38,2
ORD01872,2026-06-04,Vijayawada,Product_12,OTC Medicines,1972.43,293.77,4
ORD01873,2026-06-05,Vijayawada,Product_13,Personal Care,1972.43,291.71,2
ORD01874,2026-06-06,Vijayawada,Product_14,Prescription Medicines,1972.43,298.75,4
ORD01875,2026-06-07,Vijayawada,Product_15,Wellness & Nutrition,1972.43,297.59,2
ORD01876,2026-06-08,Vijayawada,Product_16,Lab Tests,1972.43,292.57,4
ORD01877,2026-06-09,Vijayawada,Product_17,Medical Devices,1972.43,301.38,2
ORD01878,2026-06-10,Vijayawada,Product_18,OTC Medicines,1972.43,293.77,4
ORD01879,2026-06-11,Vijayawada,Product_19,Personal Care,1972.43,291.71,2
ORD01880,2026-06-12,Vijayawada,Product_20,Prescription Medicines,1972.43,298.75,4
ORD01881,2026-06-13,Vijayawada,Product_21,Wellness & Nutrition,1972.43,297.59,2
ORD01882,2026-06-14,Vijayawada,Product_22,Lab Tests,1972.43,292.57,4
ORD01883,2026-06-15,Vijayawada,Product_23,Medical Devices,1972.43,301.38,2
ORD01884,2026-06-16,Vijayawada,Product_24,OTC Medicines,1972.43,293.77,4
ORD01885,2026-06-17,Vijayawada,Product_25,Personal Care,1972.43,291.71,2
ORD01886,2026-06-18,Vijayawada,Product_26,Prescription Medicines,1972.43,298.75,4
ORD01887,2026-06-19,Vijayawada,Product_27,Wellness & Nutrition,1972.43,297.59,2
ORD01888,2026-06-20,Vijayawada,Product_28,Lab Tests,1972.43,292.57,4
ORD01889,2026-06-21,Vijayawada,Product_29,Medical Devices,1972.43,301.38,2
ORD01890,2026-06-22,Vijayawada,Product_30,OTC Medicines,1972.43,293.77,4
ORD01891,2026-06-23,Vijayawada,Product_1,Personal Care,1972.43,291.71,2
ORD01892,2026-06-24,Vijayawada,Product_2,Prescription Medicines,1972.43,298.75,4
ORD01893,2026-06-25,Vijayawada,Product_3,Wellness & Nutrition,1972.43,297.59,2
ORD01894,2026-06-26,Vijayawada,Product_4,Lab Tests,1972.43,292.57,4
ORD01895,2026-06-27,Vijayawada,Product_5,Medical Devices,1972.43,301.38,2
ORD01896,2026-06-28,Vijayawada,Product_6,OTC Medicines,1972.43,293.77,4
ORD01897,2026-06-01,Vijayawada,Product_7,Personal Care,1972.43,291.71,2
ORD01898,2026-06-02,Vijayawada,Product_8,Prescription Medicines,1972.43,298.75,4
ORD01899,2026-06-03,Vijayawada,Product_9,Wellness & Nutrition,1972.43,297.59,2
ORD01900,2026-06-04,Vijayawada,Product_10,Lab Tests,1972.43,292.57,4
ORD01901,2026-06-05,Vijayawada,Product_11,Medical Devices,1972.43,301.38,2
ORD01902,2026-06-06,Vijayawada,Product_12,OTC Medicines,1972.43,293.77,4
ORD01903,2026-06-07,Vijayawada,Product_13,Personal Care,1972.43,291.71,2
ORD01904,2026-06-08,Vijayawada,Product_14,Prescription Medicines,1972.43,298.75,4
ORD01905,2026-06-09,Vijayawada,Product_15,Wellness & Nutrition,1972.43,297.59,2
ORD01906,2026-06-10,Vijayawada,Product_16,Lab Tests,1972.43,292.57,4
ORD01907,2026-06-11,Vijayawada,Product_17,Medical Devices,1972.43,301.38,2
ORD01908,2026-06-12,Vijayawada,Product_18,OTC Medicines,1972.43,293.77,4
ORD01909,2026-06-13,Vijayawada,Product_19,Personal Care,1972.43,291.71,2
ORD01910,2026-06-14,Vijayawada,Product_20,Prescription Medicines,1972.43,298.75,4
ORD01911,2026-06-15,Vijayawada,Product_21,Wellness & Nutrition,1972.43,297.59,2
ORD01912,2026-06-16,Vijayawada,Product_22,Lab Tests,1972.43,292.57,4
ORD01913,2026-06-17,Vijayawada,Product_23,Medical Devices,1972.43,301.38,2
ORD01914,2026-06-18,Vijayawada,Product_24,OTC Medicines,1972.43,293.77,4
ORD01915,2026-06-19,Vijayawada,Product_25,Personal Care,1972.43,291.71,2
ORD01916,2026-06-20,Vijayawada,Product_26,Prescription Medicines,1972.43,298.75,4
ORD01917,2026-06-21,Vijayawada,Product_27,Wellness & Nutrition,1972.43,297.59,2
ORD01918,2026-06-22,Vijayawada,Product_28,Lab Tests,1972.43,292.57,4
ORD01919,2026-06-23,Vijayawada,Product_29,Medical Devices,1972.43,301.38,2
ORD01920,2026-06-24,Vijayawada,Product_30,OTC Medicines,1972.43,293.77,4
ORD01921,2026-06-25,Vijayawada,Product_1,Personal Care,1972.43,291.71,2
ORD01922,2026-06-26,Vijayawada,Product_2,Prescription Medicines,1972.43,298.75,4
ORD01923,2026-06-27,Vijayawada,Product_3,Wellness & Nutrition,1972.43,297.59,2
ORD01924,2026-06-28,Vijayawada,Product_4,Lab Tests,1972.43,292.57,4
ORD01925,2026-06-01,Vijayawada,Product_5,Medical Devices,1972.43,301.38,2
ORD01926,2026-06-02,Vijayawada,Product_6,OTC Medicines,1972.43,293.77,4
ORD01927,2026-06-03,Vijayawada,Product_7,Personal Care,1972.43,291.71,2
ORD01928,2026-06-04,Vijayawada,Product_8,Prescription Medicines,1972.43,298.75,4
ORD01929,2026-06-05,Vijayawada,Product_9,Wellness & Nutrition,1972.43,297.59,2
ORD01930,2026-06-06,Vijayawada,Product_10,Lab Tests,1972.43,292.57,4
ORD01931,2026-06-07,Vijayawada,Product_11,Medical Devices,1972.43,301.38,2
ORD01932,2026-06-08,Vijayawada,Product_12,OTC Medicines,1972.43,293.77,4
ORD01933,2026-06-09,Vijayawada,Product_13,Personal Care,1972.43,291.71,2
ORD01934,2026-06-10,Vijayawada,Product_14,Prescription Medicines,1972.43,298.75,4
ORD01935,2026-06-11,Vijayawada,Product_15,Wellness & Nutrition,1972.43,297.59,2
ORD01936,2026-06-12,Vijayawada,Product_16,Lab Tests,1972.43,292.57,4
ORD01937,2026-06-13,Vijayawada,Product_17,Medical Devices,1972.43,301.38,2
ORD01938,2026-06-14,Vijayawada,Product_18,OTC Medicines,1972.43,293.77,4
ORD01939,2026-06-15,Vijayawada,Product_19,Personal Care,1972.43,291.71,2
ORD01940,2026-06-16,Vijayawada,Product_20,Prescription Medicines,1972.43,298.75,4
ORD01941,2026-06-17,Vijayawada,Product_21,Wellness & Nutrition,1972.43,297.59,2
ORD01942,2026-06-18,Vijayawada,Product_22,Lab Tests,1972.43,292.57,4
ORD01943,2026-06-19,Vijayawada,Product_23,Medical Devices,1972.43,301.38,2
ORD01944,2026-06-20,Vijayawada,Product_24,OTC Medicines,1972.43,293.77,4
ORD01945,2026-06-21,Vijayawada,Product_25,Personal Care,1972.43,291.71,2
ORD01946,2026-06-22,Vijayawada,Product_26,Prescription Medicines,1972.57,298.77,4
ORD01947,2026-06-01,Visakhapatnam,Product_27,Lab Tests,1291.48,191.56,4
ORD01948,2026-06-02,Visakhapatnam,Product_28,Medical Devices,1291.48,197.33,2
ORD01949,2026-06-03,Visakhapatnam,Product_29,OTC Medicines,1291.48,192.35,4
ORD01950,2026-06-04,Visakhapatnam,Product_30,Personal Care,1291.48,191.0,2
ORD01951,2026-06-05,Visakhapatnam,Product_1,Prescription Medicines,1291.48,195.61,4
ORD01952,2026-06-06,Visakhapatnam,Product_2,Wellness & Nutrition,1291.48,194.85,2
ORD01953,2026-06-07,Visakhapatnam,Product_3,Lab Tests,1291.48,191.56,4
ORD01954,2026-06-08,Visakhapatnam,Product_4,Medical Devices,1291.48,197.33,2
ORD01955,2026-06-09,Visakhapatnam,Product_5,OTC Medicines,1291.48,192.35,4
ORD01956,2026-06-10,Visakhapatnam,Product_6,Personal Care,1291.48,191.0,2
ORD01957,2026-06-11,Visakhapatnam,Product_7,Prescription Medicines,1291.48,195.61,4
ORD01958,2026-06-12,Visakhapatnam,Product_8,Wellness & Nutrition,1291.48,194.85,2
ORD01959,2026-06-13,Visakhapatnam,Product_9,Lab Tests,1291.48,191.56,4
ORD01960,2026-06-14,Visakhapatnam,Product_10,Medical Devices,1291.48,197.33,2
ORD01961,2026-06-15,Visakhapatnam,Product_11,OTC Medicines,1291.48,192.35,4
ORD01962,2026-06-16,Visakhapatnam,Product_12,Personal Care,1291.48,191.0,2
ORD01963,2026-06-17,Visakhapatnam,Product_13,Prescription Medicines,1291.48,195.61,4
ORD01964,2026-06-18,Visakhapatnam,Product_14,Wellness & Nutrition,1291.48,194.85,2
ORD01965,2026-06-19,Visakhapatnam,Product_15,Lab Tests,1291.48,191.56,4
ORD01966,2026-06-20,Visakhapatnam,Product_16,Medical Devices,1291.48,197.33,2
ORD01967,2026-06-21,Visakhapatnam,Product_17,OTC Medicines,1291.48,192.35,4
ORD01968,2026-06-22,Visakhapatnam,Product_18,Personal Care,1291.48,191.0,2
ORD01969,2026-06-23,Visakhapatnam,Product_19,Prescription Medicines,1291.48,195.61,4
ORD01970,2026-06-24,Visakhapatnam,Product_20,Wellness & Nutrition,1291.48,194.85,2
ORD01971,2026-06-25,Visakhapatnam,Product_21,Lab Tests,1291.48,191.56,4
ORD01972,2026-06-26,Visakhapatnam,Product_22,Medical Devices,1291.48,197.33,2
ORD01973,2026-06-27,Visakhapatnam,Product_23,OTC Medicines,1291.48,192.35,4
ORD01974,2026-06-28,Visakhapatnam,Product_24,Personal Care,1291.48,191.0,2
ORD01975,2026-06-01,Visakhapatnam,Product_25,Prescription Medicines,1291.48,195.61,4
ORD01976,2026-06-02,Visakhapatnam,Product_26,Wellness & Nutrition,1291.48,194.85,2
ORD01977,2026-06-03,Visakhapatnam,Product_27,Lab Tests,1291.48,191.56,4
ORD01978,2026-06-04,Visakhapatnam,Product_28,Medical Devices,1291.48,197.33,2
ORD01979,2026-06-05,Visakhapatnam,Product_29,OTC Medicines,1291.48,192.35,4
ORD01980,2026-06-06,Visakhapatnam,Product_30,Personal Care,1291.48,191.0,2
ORD01981,2026-06-07,Visakhapatnam,Product_1,Prescription Medicines,1291.48,195.61,4
ORD01982,2026-06-08,Visakhapatnam,Product_2,Wellness & Nutrition,1291.48,194.85,2
ORD01983,2026-06-09,Visakhapatnam,Product_3,Lab Tests,1291.48,191.56,4
ORD01984,2026-06-10,Visakhapatnam,Product_4,Medical Devices,1291.48,197.33,2
ORD01985,2026-06-11,Visakhapatnam,Product_5,OTC Medicines,1291.48,192.35,4
ORD01986,2026-06-12,Visakhapatnam,Product_6,Personal Care,1291.48,191.0,2
ORD01987,2026-06-13,Visakhapatnam,Product_7,Prescription Medicines,1291.48,195.61,4
ORD01988,2026-06-14,Visakhapatnam,Product_8,Wellness & Nutrition,1291.48,194.85,2
ORD01989,2026-06-15,Visakhapatnam,Product_9,Lab Tests,1291.48,191.56,4
ORD01990,2026-06-16,Visakhapatnam,Product_10,Medical Devices,1291.48,197.33,2
ORD01991,2026-06-17,Visakhapatnam,Product_11,OTC Medicines,1291.48,192.35,4
ORD01992,2026-06-18,Visakhapatnam,Product_12,Personal Care,1291.48,191.0,2
ORD01993,2026-06-19,Visakhapatnam,Product_13,Prescription Medicines,1291.48,195.61,4
ORD01994,2026-06-20,Visakhapatnam,Product_14,Wellness & Nutrition,1291.48,194.85,2
ORD01995,2026-06-21,Visakhapatnam,Product_15,Lab Tests,1291.48,191.56,4
ORD01996,2026-06-22,Visakhapatnam,Product_16,Medical Devices,1291.48,197.33,2
ORD01997,2026-06-23,Visakhapatnam,Product_17,OTC Medicines,1291.48,192.35,4
ORD01998,2026-06-24,Visakhapatnam,Product_18,Personal Care,1291.48,191.0,2
ORD01999,2026-06-25,Visakhapatnam,Product_19,Prescription Medicines,1291.48,195.61,4
ORD02000,2026-06-26,Visakhapatnam,Product_20,Wellness & Nutrition,1291.48,194.85,2
ORD02001,2026-06-27,Visakhapatnam,Product_21,Lab Tests,1291.48,191.56,4
ORD02002,2026-06-28,Visakhapatnam,Product_22,Medical Devices,1291.48,197.33,2
ORD02003,2026-06-01,Visakhapatnam,Product_23,OTC Medicines,1291.48,192.35,4
ORD02004,2026-06-02,Visakhapatnam,Product_24,Personal Care,1291.48,191.0,2
ORD02005,2026-06-03,Visakhapatnam,Product_25,Prescription Medicines,1291.48,195.61,4
ORD02006,2026-06-04,Visakhapatnam,Product_26,Wellness & Nutrition,1291.48,194.85,2
ORD02007,2026-06-05,Visakhapatnam,Product_27,Lab Tests,1291.48,191.56,4
ORD02008,2026-06-06,Visakhapatnam,Product_28,Medical Devices,1291.48,197.33,2
ORD02009,2026-06-07,Visakhapatnam,Product_29,OTC Medicines,1291.48,192.35,4
ORD02010,2026-06-08,Visakhapatnam,Product_30,Personal Care,1291.48,191.0,2
ORD02011,2026-06-09,Visakhapatnam,Product_1,Prescription Medicines,1291.48,195.61,4
ORD02012,2026-06-10,Visakhapatnam,Product_2,Wellness & Nutrition,1291.48,194.85,2
ORD02013,2026-06-11,Visakhapatnam,Product_3,Lab Tests,1291.48,191.56,4
ORD02014,2026-06-12,Visakhapatnam,Product_4,Medical Devices,1291.48,197.33,2
ORD02015,2026-06-13,Visakhapatnam,Product_5,OTC Medicines,1291.48,192.35,4
ORD02016,2026-06-14,Visakhapatnam,Product_6,Personal Care,1291.48,191.0,2
ORD02017,2026-06-15,Visakhapatnam,Product_7,Prescription Medicines,1291.48,195.61,4
ORD02018,2026-06-16,Visakhapatnam,Product_8,Wellness & Nutrition,1291.48,194.85,2
ORD02019,2026-06-17,Visakhapatnam,Product_9,Lab Tests,1291.48,191.56,4
ORD02020,2026-06-18,Visakhapatnam,Product_10,Medical Devices,1291.48,197.33,2
ORD02021,2026-06-19,Visakhapatnam,Product_11,OTC Medicines,1291.48,192.35,4
ORD02022,2026-06-20,Visakhapatnam,Product_12,Personal Care,1291.48,191.0,2
ORD02023,2026-06-21,Visakhapatnam,Product_13,Prescription Medicines,1291.48,195.61,4
ORD02024,2026-06-22,Visakhapatnam,Product_14,Wellness & Nutrition,1291.61,194.87,2
ORD02025,2026-06-01,Warangal,Product_15,Medical Devices,877.83,134.13,2
ORD02026,2026-06-02,Warangal,Product_16,OTC Medicines,877.83,130.74,4
ORD02027,2026-06-03,Warangal,Product_17,Personal Care,877.83,129.82,2
ORD02028,2026-06-04,Warangal,Product_18,Prescription Medicines,877.83,132.96,4
ORD02029,2026-06-05,Warangal,Product_19,Wellness & Nutrition,877.83,132.44,2
ORD02030,2026-06-06,Warangal,Product_20,Lab Tests,877.83,130.21,4
ORD02031,2026-06-07,Warangal,Product_21,Medical Devices,877.83,134.13,2
ORD02032,2026-06-08,Warangal,Product_22,OTC Medicines,877.83,130.74,4
ORD02033,2026-06-09,Warangal,Product_23,Personal Care,877.83,129.82,2
ORD02034,2026-06-10,Warangal,Product_24,Prescription Medicines,877.83,132.96,4
ORD02035,2026-06-11,Warangal,Product_25,Wellness & Nutrition,877.83,132.44,2
ORD02036,2026-06-12,Warangal,Product_26,Lab Tests,877.83,130.21,4
ORD02037,2026-06-13,Warangal,Product_27,Medical Devices,877.83,134.13,2
ORD02038,2026-06-14,Warangal,Product_28,OTC Medicines,877.83,130.74,4
ORD02039,2026-06-15,Warangal,Product_29,Personal Care,877.83,129.82,2
ORD02040,2026-06-16,Warangal,Product_30,Prescription Medicines,877.83,132.96,4
ORD02041,2026-06-17,Warangal,Product_1,Wellness & Nutrition,877.83,132.44,2
ORD02042,2026-06-18,Warangal,Product_2,Lab Tests,877.83,130.21,4
ORD02043,2026-06-19,Warangal,Product_3,Medical Devices,877.83,134.13,2
ORD02044,2026-06-20,Warangal,Product_4,OTC Medicines,877.83,130.74,4
ORD02045,2026-06-21,Warangal,Product_5,Personal Care,877.83,129.82,2
ORD02046,2026-06-22,Warangal,Product_6,Prescription Medicines,877.83,132.96,4
ORD02047,2026-06-23,Warangal,Product_7,Wellness & Nutrition,877.83,132.44,2
ORD02048,2026-06-24,Warangal,Product_8,Lab Tests,877.83,130.21,4
ORD02049,2026-06-25,Warangal,Product_9,Medical Devices,877.83,134.13,2
ORD02050,2026-06-26,Warangal,Product_10,OTC Medicines,877.83,130.74,4
ORD02051,2026-06-27,Warangal,Product_11,Personal Care,877.83,129.82,2
ORD02052,2026-06-28,Warangal,Product_12,Prescription Medicines,877.83,132.96,4
ORD02053,2026-06-01,Warangal,Product_13,Wellness & Nutrition,877.83,132.44,2
ORD02054,2026-06-02,Warangal,Product_14,Lab Tests,877.83,130.21,4
ORD02055,2026-06-03,Warangal,Product_15,Medical Devices,877.83,134.13,2
ORD02056,2026-06-04,Warangal,Product_16,OTC Medicines,877.83,130.74,4
ORD02057,2026-06-05,Warangal,Product_17,Personal Care,877.83,129.82,2
ORD02058,2026-06-06,Warangal,Product_18,Prescription Medicines,877.83,132.96,4
ORD02059,2026-06-07,Warangal,Product_19,Wellness & Nutrition,877.83,132.44,2
ORD02060,2026-06-08,Warangal,Product_20,Lab Tests,877.83,130.21,4
ORD02061,2026-06-09,Warangal,Product_21,Medical Devices,877.83,134.13,2
ORD02062,2026-06-10,Warangal,Product_22,OTC Medicines,877.83,130.74,4
ORD02063,2026-06-11,Warangal,Product_23,Personal Care,877.83,129.82,2
ORD02064,2026-06-12,Warangal,Product_24,Prescription Medicines,877.83,132.96,4
ORD02065,2026-06-13,Warangal,Product_25,Wellness & Nutrition,877.83,132.44,2
ORD02066,2026-06-14,Warangal,Product_26,Lab Tests,877.83,130.21,4
ORD02067,2026-06-15,Warangal,Product_27,Medical Devices,877.83,134.13,2
ORD02068,2026-06-16,Warangal,Product_28,OTC Medicines,877.83,130.74,4
ORD02069,2026-06-17,Warangal,Product_29,Personal Care,877.83,129.82,2
ORD02070,2026-06-18,Warangal,Product_30,Prescription Medicines,877.83,132.96,4
ORD02071,2026-06-19,Warangal,Product_1,Wellness & Nutrition,877.83,132.44,2
ORD02072,2026-06-20,Warangal,Product_2,Lab Tests,877.83,130.21,4
ORD02073,2026-06-21,Warangal,Product_3,Medical Devices,877.83,134.13,2
ORD02074,2026-06-22,Warangal,Product_4,OTC Medicines,877.83,130.74,4
ORD02075,2026-06-23,Warangal,Product_5,Personal Care,877.83,129.82,2
ORD02076,2026-06-24,Warangal,Product_6,Prescription Medicines,877.83,132.96,4
ORD02077,2026-06-25,Warangal,Product_7,Wellness & Nutrition,877.83,132.44,2
ORD02078,2026-06-26,Warangal,Product_8,Lab Tests,877.83,130.21,4
ORD02079,2026-06-27,Warangal,Product_9,Medical Devices,877.83,134.13,2
ORD02080,2026-06-28,Warangal,Product_10,OTC Medicines,877.83,130.74,4
ORD02081,2026-06-01,Warangal,Product_11,Personal Care,877.83,129.82,2
ORD02082,2026-06-02,Warangal,Product_12,Prescription Medicines,877.83,132.96,4
ORD02083,2026-06-03,Warangal,Product_13,Wellness & Nutrition,877.83,132.44,2
ORD02084,2026-06-04,Warangal,Product_14,Lab Tests,877.83,130.21,4
ORD02085,2026-06-05,Warangal,Product_15,Medical Devices,877.83,134.13,2
ORD02086,2026-06-06,Warangal,Product_16,OTC Medicines,877.83,130.74,4
ORD02087,2026-06-07,Warangal,Product_17,Personal Care,877.83,129.82,2
ORD02088,2026-06-08,Warangal,Product_18,Prescription Medicines,877.83,132.96,4
ORD02089,2026-06-09,Warangal,Product_19,Wellness & Nutrition,877.83,132.44,2
ORD02090,2026-06-10,Warangal,Product_20,Lab Tests,877.83,130.21,4
ORD02091,2026-06-11,Warangal,Product_21,Medical Devices,877.83,134.13,2
ORD02092,2026-06-12,Warangal,Product_22,OTC Medicines,877.83,130.74,4
ORD02093,2026-06-13,Warangal,Product_23,Personal Care,877.83,129.82,2
ORD02094,2026-06-14,Warangal,Product_24,Prescription Medicines,877.83,132.96,4
ORD02095,2026-06-15,Warangal,Product_25,Wellness & Nutrition,877.83,132.44,2
ORD02096,2026-06-16,Warangal,Product_26,Lab Tests,877.83,130.21,4
ORD02097,2026-06-17,Warangal,Product_27,Medical Devices,877.83,134.13,2
ORD02098,2026-06-18,Warangal,Product_28,OTC Medicines,877.83,130.74,4
ORD02099,2026-06-19,Warangal,Product_29,Personal Care,877.83,129.82,2
ORD02100,2026-06-20,Warangal,Product_30,Prescription Medicines,877.99,132.98,4
